feature_index,feature_name
0,category__all_other_app_types
1,category__game
2,category__social_or_communication
3,answer__are_there_any_fierce_sounds_sinister_or_intimidating_cha_c6faf05f__no
4,answer__are_there_any_fierce_sounds_sinister_or_intimidating_cha_c6faf05f__yes
5,answer__are_there_any_fierce_sounds_sinister_or_intimidating_cha_c6faf05f__inactive
6,answer__are_there_any_fierce_sounds_sinister_or_intimidating_cha_c6faf05f__not_applicable
7,answer__are_there_detailed_descriptions_of_techniques_that_could_207c80c9__no
8,answer__are_there_detailed_descriptions_of_techniques_that_could_207c80c9__yes
9,answer__are_there_detailed_descriptions_of_techniques_that_could_207c80c9__inactive
10,answer__are_there_detailed_descriptions_of_techniques_that_could_207c80c9__not_applicable
11,answer__are_these_crimes_or_criminal_techniques_likely_to_be_imi_3820601a__no
12,answer__are_these_crimes_or_criminal_techniques_likely_to_be_imi_3820601a__yes
13,answer__are_these_crimes_or_criminal_techniques_likely_to_be_imi_3820601a__inactive
14,answer__are_these_crimes_or_criminal_techniques_likely_to_be_imi_3820601a__not_applicable
15,answer__are_these_dating_games_prominently_featured_or_a_strong__aaafc141__no
16,answer__are_these_dating_games_prominently_featured_or_a_strong__aaafc141__yes
17,answer__are_these_dating_games_prominently_featured_or_a_strong__aaafc141__inactive
18,answer__are_these_dating_games_prominently_featured_or_a_strong__aaafc141__not_applicable
19,answer__are_these_depictions_strictly_limited_to_slapstick_viole_d3c73bb1__no
20,answer__are_these_depictions_strictly_limited_to_slapstick_viole_d3c73bb1__yes
21,answer__are_these_depictions_strictly_limited_to_slapstick_viole_d3c73bb1__inactive
22,answer__are_these_depictions_strictly_limited_to_slapstick_viole_d3c73bb1__not_applicable
23,answer__are_these_gambling_themes_prominently_featured_or_a_stro_d54762be__no
24,answer__are_these_gambling_themes_prominently_featured_or_a_stro_d54762be__yes
25,answer__are_these_gambling_themes_prominently_featured_or_a_stro_d54762be__inactive
26,answer__are_these_gambling_themes_prominently_featured_or_a_stro_d54762be__not_applicable
27,answer__are_these_revealing_outfits_ever_depicted_in_an_erotic_o_a25a70b0__no
28,answer__are_these_revealing_outfits_ever_depicted_in_an_erotic_o_a25a70b0__yes
29,answer__are_these_revealing_outfits_ever_depicted_in_an_erotic_o_a25a70b0__inactive
30,answer__are_these_revealing_outfits_ever_depicted_in_an_erotic_o_a25a70b0__not_applicable
31,answer__can_illegal_or_recreational_drugs_be_referred_to_through_e887484f__no
32,answer__can_illegal_or_recreational_drugs_be_referred_to_through_e887484f__yes
33,answer__can_illegal_or_recreational_drugs_be_referred_to_through_e887484f__inactive
34,answer__can_illegal_or_recreational_drugs_be_referred_to_through_e887484f__not_applicable
35,answer__can_innocent_or_defenseless_characters_be_seriously_inju_2f1f1e8b__no
36,answer__can_innocent_or_defenseless_characters_be_seriously_inju_2f1f1e8b__yes_with_penalties
37,answer__can_innocent_or_defenseless_characters_be_seriously_inju_2f1f1e8b__yes_without_penalties
38,answer__can_innocent_or_defenseless_characters_be_seriously_inju_2f1f1e8b__inactive
39,answer__can_innocent_or_defenseless_characters_be_seriously_inju_2f1f1e8b__not_applicable
40,answer__can_interactions_in_the_app_be_limited_to_invited_friend_eceecc3d__no
41,answer__can_interactions_in_the_app_be_limited_to_invited_friend_eceecc3d__yes
42,answer__can_interactions_in_the_app_be_limited_to_invited_friend_eceecc3d__inactive
43,answer__can_interactions_in_the_app_be_limited_to_invited_friend_eceecc3d__not_applicable
44,answer__can_interactions_in_the_game_be_limited_to_invited_frien_88ea2f62__no
45,answer__can_interactions_in_the_game_be_limited_to_invited_frien_88ea2f62__yes
46,answer__can_interactions_in_the_game_be_limited_to_invited_frien_88ea2f62__inactive
47,answer__can_interactions_in_the_game_be_limited_to_invited_frien_88ea2f62__not_applicable
48,answer__can_playing_these_bingo_games_reward_cash_payouts_or_rew_07fc306a__no
49,answer__can_playing_these_bingo_games_reward_cash_payouts_or_rew_07fc306a__yes
50,answer__can_playing_these_bingo_games_reward_cash_payouts_or_rew_07fc306a__inactive
51,answer__can_playing_these_bingo_games_reward_cash_payouts_or_rew_07fc306a__not_applicable
52,answer__can_playing_these_casino_games_lotteries_or_racetrack_be_1b84b6e2__no
53,answer__can_playing_these_casino_games_lotteries_or_racetrack_be_1b84b6e2__yes
54,answer__can_playing_these_casino_games_lotteries_or_racetrack_be_1b84b6e2__inactive
55,answer__can_playing_these_casino_games_lotteries_or_racetrack_be_1b84b6e2__not_applicable
56,answer__can_the_app_contain_any_potentially_offensive_language_p_f3fe3d35__no
57,answer__can_the_app_contain_any_potentially_offensive_language_p_f3fe3d35__yes
58,answer__can_the_app_contain_any_potentially_offensive_language_p_f3fe3d35__inactive
59,answer__can_the_app_contain_any_potentially_offensive_language_p_f3fe3d35__not_applicable
60,answer__can_the_app_contain_discriminatory_language_7368f4f4__no
61,answer__can_the_app_contain_discriminatory_language_7368f4f4__yes
62,answer__can_the_app_contain_discriminatory_language_7368f4f4__inactive
63,answer__can_the_app_contain_discriminatory_language_7368f4f4__not_applicable
64,answer__can_the_app_contain_minor_profanities_e_g_go_to_hell_4b2bd815__no
65,answer__can_the_app_contain_minor_profanities_e_g_go_to_hell_4b2bd815__yes
66,answer__can_the_app_contain_minor_profanities_e_g_go_to_hell_4b2bd815__inactive
67,answer__can_the_app_contain_minor_profanities_e_g_go_to_hell_4b2bd815__not_applicable
68,answer__can_the_app_contain_moderate_swearing_or_other_language__cdc1565c__no
69,answer__can_the_app_contain_moderate_swearing_or_other_language__cdc1565c__yes
70,answer__can_the_app_contain_moderate_swearing_or_other_language__cdc1565c__inactive
71,answer__can_the_app_contain_moderate_swearing_or_other_language__cdc1565c__not_applicable
72,answer__can_the_app_contain_references_to_or_depictions_of_illeg_387441a4__no
73,answer__can_the_app_contain_references_to_or_depictions_of_illeg_387441a4__yes
74,answer__can_the_app_contain_references_to_or_depictions_of_illeg_387441a4__inactive
75,answer__can_the_app_contain_references_to_or_depictions_of_illeg_387441a4__not_applicable
76,answer__can_the_app_contain_sexual_expletives_b9c51086__no
77,answer__can_the_app_contain_sexual_expletives_b9c51086__yes
78,answer__can_the_app_contain_sexual_expletives_b9c51086__inactive
79,answer__can_the_app_contain_sexual_expletives_b9c51086__not_applicable
80,answer__can_the_app_contain_sexual_material_or_nudity_except_in__ccdb3618__no
81,answer__can_the_app_contain_sexual_material_or_nudity_except_in__ccdb3618__yes
82,answer__can_the_app_contain_sexual_material_or_nudity_except_in__ccdb3618__inactive
83,answer__can_the_app_contain_sexual_material_or_nudity_except_in__ccdb3618__not_applicable
84,answer__can_the_app_contain_violent_material_content_that_seller_42d20972__no
85,answer__can_the_app_contain_violent_material_content_that_seller_42d20972__yes
86,answer__can_the_app_contain_violent_material_content_that_seller_42d20972__inactive
87,answer__can_the_app_contain_violent_material_content_that_seller_42d20972__not_applicable
88,answer__can_the_player_ever_use_alcohol_in_a_first_person_perspe_4e53d7c8__no
89,answer__can_the_player_ever_use_alcohol_in_a_first_person_perspe_4e53d7c8__yes
90,answer__can_the_player_ever_use_alcohol_in_a_first_person_perspe_4e53d7c8__inactive
91,answer__can_the_player_ever_use_alcohol_in_a_first_person_perspe_4e53d7c8__not_applicable
92,answer__can_the_player_ever_use_tobacco_in_a_first_person_perspe_929a7633__no
93,answer__can_the_player_ever_use_tobacco_in_a_first_person_perspe_929a7633__yes
94,answer__can_the_player_ever_use_tobacco_in_a_first_person_perspe_929a7633__inactive
95,answer__can_the_player_ever_use_tobacco_in_a_first_person_perspe_929a7633__not_applicable
96,answer__can_the_user_ever_use_alcohol_in_a_first_person_perspect_ffd9c98e__no
97,answer__can_the_user_ever_use_alcohol_in_a_first_person_perspect_ffd9c98e__yes
98,answer__can_the_user_ever_use_alcohol_in_a_first_person_perspect_ffd9c98e__inactive
99,answer__can_the_user_ever_use_alcohol_in_a_first_person_perspect_ffd9c98e__not_applicable
100,answer__can_the_user_ever_use_tobacco_in_a_first_person_perspect_b682c1a1__no
101,answer__can_the_user_ever_use_tobacco_in_a_first_person_perspect_b682c1a1__yes
102,answer__can_the_user_ever_use_tobacco_in_a_first_person_perspect_b682c1a1__inactive
103,answer__can_the_user_ever_use_tobacco_in_a_first_person_perspect_b682c1a1__not_applicable
104,answer__can_these_purchases_include_random_items_where_the_purch_cfc20feb__no
105,answer__can_these_purchases_include_random_items_where_the_purch_cfc20feb__yes
106,answer__can_these_purchases_include_random_items_where_the_purch_cfc20feb__inactive
107,answer__can_these_sexual_images_be_pornographic_dbe74343__no
108,answer__can_these_sexual_images_be_pornographic_dbe74343__yes
109,answer__can_these_sexual_images_be_pornographic_dbe74343__inactive
110,answer__can_these_sexual_images_be_pornographic_dbe74343__not_applicable
111,answer__can_these_sexual_images_depict_nudity_62b6c6d4__no
112,answer__can_these_sexual_images_depict_nudity_62b6c6d4__yes
113,answer__can_these_sexual_images_depict_nudity_62b6c6d4__inactive
114,answer__can_these_sexual_images_depict_nudity_62b6c6d4__not_applicable
115,answer__can_these_violent_images_be_gross_or_gory_a3d431d0__no
116,answer__can_these_violent_images_be_gross_or_gory_a3d431d0__yes
117,answer__can_these_violent_images_be_gross_or_gory_a3d431d0__inactive
118,answer__can_these_violent_images_be_gross_or_gory_a3d431d0__not_applicable
119,answer__can_this_app_contain_visual_depictions_of_illegal_or_rec_3788a7dc__no
120,answer__can_this_app_contain_visual_depictions_of_illegal_or_rec_3788a7dc__yes
121,answer__can_this_app_contain_visual_depictions_of_illegal_or_rec_3788a7dc__inactive
122,answer__can_this_app_contain_visual_depictions_of_illegal_or_rec_3788a7dc__not_applicable
123,answer__can_this_sexual_material_be_referred_to_through_text_or__cef4ac8f__no
124,answer__can_this_sexual_material_be_referred_to_through_text_or__cef4ac8f__yes
125,answer__can_this_sexual_material_be_referred_to_through_text_or__cef4ac8f__inactive
126,answer__can_this_sexual_material_be_referred_to_through_text_or__cef4ac8f__not_applicable
127,answer__can_this_sexual_material_be_visually_depicted_047f6e7c__no
128,answer__can_this_sexual_material_be_visually_depicted_047f6e7c__yes
129,answer__can_this_sexual_material_be_visually_depicted_047f6e7c__inactive
130,answer__can_this_sexual_material_be_visually_depicted_047f6e7c__not_applicable
131,answer__can_this_violent_material_be_referred_to_through_text_or_337488ea__no
132,answer__can_this_violent_material_be_referred_to_through_text_or_337488ea__yes
133,answer__can_this_violent_material_be_referred_to_through_text_or_337488ea__inactive
134,answer__can_this_violent_material_be_referred_to_through_text_or_337488ea__not_applicable
135,answer__can_this_violent_material_be_visually_depicted_9f0796c7__no
136,answer__can_this_violent_material_be_visually_depicted_9f0796c7__yes
137,answer__can_this_violent_material_be_visually_depicted_9f0796c7__inactive
138,answer__can_this_violent_material_be_visually_depicted_9f0796c7__not_applicable
139,answer__do_any_of_these_creatures_behave_or_respond_like_humans_bd1de18a__no
140,answer__do_any_of_these_creatures_behave_or_respond_like_humans_bd1de18a__yes
141,answer__do_any_of_these_creatures_behave_or_respond_like_humans_bd1de18a__inactive
142,answer__do_any_of_these_creatures_behave_or_respond_like_humans_bd1de18a__not_applicable
143,answer__do_any_of_these_sex_acts_feature_characters_that_appear__36d02e50__no
144,answer__do_any_of_these_sex_acts_feature_characters_that_appear__36d02e50__yes
145,answer__do_any_of_these_sex_acts_feature_characters_that_appear__36d02e50__inactive
146,answer__do_any_of_these_sex_acts_feature_characters_that_appear__36d02e50__not_applicable
147,answer__do_these_outfits_ever_appear_to_be_out_of_place_such_as__6f8c32b5__no
148,answer__do_these_outfits_ever_appear_to_be_out_of_place_such_as__6f8c32b5__yes
149,answer__do_these_outfits_ever_appear_to_be_out_of_place_such_as__6f8c32b5__inactive
150,answer__do_these_outfits_ever_appear_to_be_out_of_place_such_as__6f8c32b5__not_applicable
151,answer__does_the_app_allow_users_to_purchase_digital_goods_43ad2835__no
152,answer__does_the_app_allow_users_to_purchase_digital_goods_43ad2835__yes
153,answer__does_the_app_allow_users_to_purchase_digital_goods_43ad2835__inactive
154,answer__does_the_app_allow_users_to_purchase_digital_goods_43ad2835__not_applicable
155,answer__does_the_app_contain_an_integrated_marketplace_for_these_6e119982__no
156,answer__does_the_app_contain_an_integrated_marketplace_for_these_6e119982__yes
157,answer__does_the_app_contain_an_integrated_marketplace_for_these_6e119982__inactive
158,answer__does_the_app_contain_an_integrated_marketplace_for_these_6e119982__not_applicable
159,answer__does_the_app_contain_any_bodily_functions_such_as_belchi_967792bd__no
160,answer__does_the_app_contain_any_bodily_functions_such_as_belchi_967792bd__yes
161,answer__does_the_app_contain_any_bodily_functions_such_as_belchi_967792bd__inactive
162,answer__does_the_app_contain_any_bodily_functions_such_as_belchi_967792bd__not_applicable
163,answer__does_the_app_contain_any_potentially_offensive_language_b4cfa138__no
164,answer__does_the_app_contain_any_potentially_offensive_language_b4cfa138__yes
165,answer__does_the_app_contain_any_potentially_offensive_language_b4cfa138__inactive
166,answer__does_the_app_contain_any_potentially_offensive_language_b4cfa138__not_applicable
167,answer__does_the_app_contain_any_ratings_relevant_content_e_g_se_1bdb46b7__no
168,answer__does_the_app_contain_any_ratings_relevant_content_e_g_se_1bdb46b7__yes
169,answer__does_the_app_contain_any_ratings_relevant_content_e_g_se_1bdb46b7__inactive
170,answer__does_the_app_contain_any_ratings_relevant_content_e_g_se_1bdb46b7__not_applicable
171,answer__does_the_app_contain_any_reference_to_or_use_of_drugs_al_2098b4f8__no
172,answer__does_the_app_contain_any_reference_to_or_use_of_drugs_al_2098b4f8__yes
173,answer__does_the_app_contain_any_reference_to_or_use_of_drugs_al_2098b4f8__inactive
174,answer__does_the_app_contain_any_reference_to_or_use_of_drugs_al_2098b4f8__not_applicable
175,answer__does_the_app_contain_gambling_simulations_of_casino_gamb_e4e21264__no
176,answer__does_the_app_contain_gambling_simulations_of_casino_gamb_e4e21264__yes
177,answer__does_the_app_contain_gambling_simulations_of_casino_gamb_e4e21264__inactive
178,answer__does_the_app_contain_gambling_simulations_of_casino_gamb_e4e21264__not_applicable
179,answer__does_the_app_contain_inferences_of_references_to_or_depi_00223f58__no
180,answer__does_the_app_contain_inferences_of_references_to_or_depi_00223f58__yes
181,answer__does_the_app_contain_inferences_of_references_to_or_depi_00223f58__inactive
182,answer__does_the_app_contain_inferences_of_references_to_or_depi_00223f58__not_applicable
183,answer__does_the_app_contain_inferences_of_references_to_or_depi_23169d75__no
184,answer__does_the_app_contain_inferences_of_references_to_or_depi_23169d75__yes
185,answer__does_the_app_contain_inferences_of_references_to_or_depi_23169d75__inactive
186,answer__does_the_app_contain_inferences_of_references_to_or_depi_23169d75__not_applicable
187,answer__does_the_app_contain_pictures_or_sounds_likely_to_be_sca_dbbee0fa__no
188,answer__does_the_app_contain_pictures_or_sounds_likely_to_be_sca_dbbee0fa__yes
189,answer__does_the_app_contain_pictures_or_sounds_likely_to_be_sca_dbbee0fa__inactive
190,answer__does_the_app_contain_pictures_or_sounds_likely_to_be_sca_dbbee0fa__not_applicable
191,answer__does_the_app_feature_or_promote_content_that_isn_t_part__94fe8720__no
192,answer__does_the_app_feature_or_promote_content_that_isn_t_part__94fe8720__yes
193,answer__does_the_app_feature_or_promote_content_that_isn_t_part__94fe8720__inactive
194,answer__does_the_app_feature_or_promote_content_that_isn_t_part__94fe8720__not_applicable
195,answer__does_the_app_focus_on_promoting_or_selling_items_or_acti_fb2a4b57__no
196,answer__does_the_app_focus_on_promoting_or_selling_items_or_acti_fb2a4b57__yes
197,answer__does_the_app_focus_on_promoting_or_selling_items_or_acti_fb2a4b57__inactive
198,answer__does_the_app_focus_on_promoting_or_selling_items_or_acti_fb2a4b57__not_applicable
199,answer__does_the_app_have_a_pixelated_or_childlike_style_2122fb74__no
200,answer__does_the_app_have_a_pixelated_or_childlike_style_2122fb74__yes_it_has_a_childlike_style_e_g_likely_to_appeal_to_younger_children
201,answer__does_the_app_have_a_pixelated_or_childlike_style_2122fb74__yes_it_has_a_pixelated_style
202,answer__does_the_app_have_a_pixelated_or_childlike_style_2122fb74__inactive
203,answer__does_the_app_have_a_pixelated_or_childlike_style_2122fb74__not_applicable
204,answer__does_the_app_have_a_pixelated_or_childlike_style_88e77522__no
205,answer__does_the_app_have_a_pixelated_or_childlike_style_88e77522__yes
206,answer__does_the_app_have_a_pixelated_or_childlike_style_88e77522__inactive
207,answer__does_the_app_have_a_pixelated_or_childlike_style_88e77522__not_applicable
208,answer__does_the_app_include_cash_rewards_gift_cards_play_to_ear_39e41173__no
209,answer__does_the_app_include_cash_rewards_gift_cards_play_to_ear_39e41173__yes
210,answer__does_the_app_include_cash_rewards_gift_cards_play_to_ear_39e41173__inactive
211,answer__does_the_app_include_cash_rewards_gift_cards_play_to_ear_39e41173__not_applicable
212,answer__does_the_app_include_chat_moderation_cc9ff2ca__no
213,answer__does_the_app_include_chat_moderation_cc9ff2ca__yes
214,answer__does_the_app_include_chat_moderation_cc9ff2ca__inactive
215,answer__does_the_app_include_chat_moderation_cc9ff2ca__not_applicable
216,answer__does_the_app_include_the_ability_or_requirement_to_make__638d2bc0__no
217,answer__does_the_app_include_the_ability_or_requirement_to_make__638d2bc0__yes
218,answer__does_the_app_include_the_ability_or_requirement_to_make__638d2bc0__inactive
219,answer__does_the_app_include_the_ability_or_requirement_to_make__638d2bc0__not_applicable
220,answer__does_the_app_include_the_ability_or_requirement_to_wager_42ff0adb__no
221,answer__does_the_app_include_the_ability_or_requirement_to_wager_42ff0adb__yes
222,answer__does_the_app_include_the_ability_or_requirement_to_wager_42ff0adb__inactive
223,answer__does_the_app_include_the_ability_or_requirement_to_wager_42ff0adb__not_applicable
224,answer__does_the_app_include_the_ability_or_requirement_to_wager_a234c2e8__no
225,answer__does_the_app_include_the_ability_or_requirement_to_wager_a234c2e8__yes
226,answer__does_the_app_include_the_ability_or_requirement_to_wager_a234c2e8__inactive
227,answer__does_the_app_include_the_ability_or_requirement_to_wager_a234c2e8__not_applicable
228,answer__does_the_app_include_the_ability_or_requirement_to_wager_fdd45537__no
229,answer__does_the_app_include_the_ability_or_requirement_to_wager_fdd45537__yes
230,answer__does_the_app_include_the_ability_or_requirement_to_wager_fdd45537__inactive
231,answer__does_the_app_include_the_ability_or_requirement_to_wager_fdd45537__not_applicable
232,answer__does_the_app_include_the_ability_to_block_users_or_user__e8935808__no
233,answer__does_the_app_include_the_ability_to_block_users_or_user__e8935808__yes
234,answer__does_the_app_include_the_ability_to_block_users_or_user__e8935808__inactive
235,answer__does_the_app_include_the_ability_to_block_users_or_user__e8935808__not_applicable
236,answer__does_the_app_include_the_ability_to_report_users_or_user_04c5c153__no
237,answer__does_the_app_include_the_ability_to_report_users_or_user_04c5c153__yes
238,answer__does_the_app_include_the_ability_to_report_users_or_user_04c5c153__inactive
239,answer__does_the_app_include_the_ability_to_report_users_or_user_04c5c153__not_applicable
240,answer__does_the_app_natively_allow_users_to_interact_or_exchang_0814bcf5__no
241,answer__does_the_app_natively_allow_users_to_interact_or_exchang_0814bcf5__yes
242,answer__does_the_app_natively_allow_users_to_interact_or_exchang_0814bcf5__inactive
243,answer__does_the_app_natively_allow_users_to_interact_or_exchang_0814bcf5__not_applicable
244,answer__does_the_app_permit_the_public_sharing_of_nudity_54ca8431__no
245,answer__does_the_app_permit_the_public_sharing_of_nudity_54ca8431__yes
246,answer__does_the_app_permit_the_public_sharing_of_nudity_54ca8431__inactive
247,answer__does_the_app_permit_the_public_sharing_of_nudity_54ca8431__not_applicable
248,answer__does_the_app_permit_the_public_sharing_of_real_world_gra_809166c4__no
249,answer__does_the_app_permit_the_public_sharing_of_real_world_gra_809166c4__yes
250,answer__does_the_app_permit_the_public_sharing_of_real_world_gra_809166c4__inactive
251,answer__does_the_app_permit_the_public_sharing_of_real_world_gra_809166c4__not_applicable
252,answer__does_the_app_share_the_user_s_current_and_precise_physic_259a3f8a__no
253,answer__does_the_app_share_the_user_s_current_and_precise_physic_259a3f8a__yes
254,answer__does_the_app_share_the_user_s_current_and_precise_physic_259a3f8a__inactive
255,answer__does_the_app_share_the_user_s_current_and_precise_physic_259a3f8a__not_applicable
256,answer__does_the_app_take_place_in_a_realistic_or_historical_war_78e4413f__no
257,answer__does_the_app_take_place_in_a_realistic_or_historical_war_78e4413f__yes
258,answer__does_the_app_take_place_in_a_realistic_or_historical_war_78e4413f__inactive
259,answer__does_the_app_take_place_in_a_realistic_or_historical_war_78e4413f__not_applicable
260,answer__does_the_game_advocate_committing_acts_of_terrorism_e10f0658__no
261,answer__does_the_game_advocate_committing_acts_of_terrorism_e10f0658__yes
262,answer__does_the_game_advocate_committing_acts_of_terrorism_e10f0658__inactive
263,answer__does_the_game_advocate_committing_acts_of_terrorism_e10f0658__not_applicable
264,answer__does_the_game_contain_an_integrated_marketplace_for_thes_feb79fb9__no
265,answer__does_the_game_contain_an_integrated_marketplace_for_thes_feb79fb9__yes
266,answer__does_the_game_contain_an_integrated_marketplace_for_thes_feb79fb9__inactive
267,answer__does_the_game_contain_an_integrated_marketplace_for_thes_feb79fb9__not_applicable
268,answer__does_the_game_contain_any_bodily_functions_such_as_belch_7d053cfc__no
269,answer__does_the_game_contain_any_bodily_functions_such_as_belch_7d053cfc__yes
270,answer__does_the_game_contain_any_bodily_functions_such_as_belch_7d053cfc__inactive
271,answer__does_the_game_contain_any_bodily_functions_such_as_belch_7d053cfc__not_applicable
272,answer__does_the_game_contain_any_content_that_can_substantially_0e8549e7__no
273,answer__does_the_game_contain_any_content_that_can_substantially_0e8549e7__yes
274,answer__does_the_game_contain_any_content_that_can_substantially_0e8549e7__inactive
275,answer__does_the_game_contain_any_content_that_can_substantially_0e8549e7__not_applicable
276,answer__does_the_game_contain_any_potentially_offensive_language_3a42be1b__no
277,answer__does_the_game_contain_any_potentially_offensive_language_3a42be1b__yes
278,answer__does_the_game_contain_any_potentially_offensive_language_3a42be1b__inactive
279,answer__does_the_game_contain_any_potentially_offensive_language_3a42be1b__not_applicable
280,answer__does_the_game_contain_any_reference_to_or_use_of_drugs_a_10f81ced__no
281,answer__does_the_game_contain_any_reference_to_or_use_of_drugs_a_10f81ced__yes
282,answer__does_the_game_contain_any_reference_to_or_use_of_drugs_a_10f81ced__inactive
283,answer__does_the_game_contain_any_reference_to_or_use_of_drugs_a_10f81ced__not_applicable
284,answer__does_the_game_contain_any_swastikas_other_nazi_symbols_o_b8cf710d__no
285,answer__does_the_game_contain_any_swastikas_other_nazi_symbols_o_b8cf710d__yes
286,answer__does_the_game_contain_any_swastikas_other_nazi_symbols_o_b8cf710d__inactive
287,answer__does_the_game_contain_any_swastikas_other_nazi_symbols_o_b8cf710d__not_applicable
288,answer__does_the_game_contain_gambling_simulations_of_casino_gam_251e14df__no
289,answer__does_the_game_contain_gambling_simulations_of_casino_gam_251e14df__yes
290,answer__does_the_game_contain_gambling_simulations_of_casino_gam_251e14df__inactive
291,answer__does_the_game_contain_gambling_simulations_of_casino_gam_251e14df__not_applicable
292,answer__does_the_game_contain_inferences_of_references_to_or_dep_a40be1cf__no
293,answer__does_the_game_contain_inferences_of_references_to_or_dep_a40be1cf__yes
294,answer__does_the_game_contain_inferences_of_references_to_or_dep_a40be1cf__inactive
295,answer__does_the_game_contain_inferences_of_references_to_or_dep_a40be1cf__not_applicable
296,answer__does_the_game_contain_inferences_of_references_to_or_dep_a60327ce__no
297,answer__does_the_game_contain_inferences_of_references_to_or_dep_a60327ce__yes
298,answer__does_the_game_contain_inferences_of_references_to_or_dep_a60327ce__inactive
299,answer__does_the_game_contain_inferences_of_references_to_or_dep_a60327ce__not_applicable
300,answer__does_the_game_contain_pictures_or_sounds_likely_to_be_sc_954ee2f8__no
301,answer__does_the_game_contain_pictures_or_sounds_likely_to_be_sc_954ee2f8__yes
302,answer__does_the_game_contain_pictures_or_sounds_likely_to_be_sc_954ee2f8__inactive
303,answer__does_the_game_contain_pictures_or_sounds_likely_to_be_sc_954ee2f8__not_applicable
304,answer__does_the_game_contain_realistic_descriptions_of_crimes_e_7a9af535__no
305,answer__does_the_game_contain_realistic_descriptions_of_crimes_e_7a9af535__yes
306,answer__does_the_game_contain_realistic_descriptions_of_crimes_e_7a9af535__inactive
307,answer__does_the_game_contain_realistic_descriptions_of_crimes_e_7a9af535__not_applicable
308,answer__does_the_game_have_a_pixelated_or_childlike_style_7003dd1d__no
309,answer__does_the_game_have_a_pixelated_or_childlike_style_7003dd1d__yes
310,answer__does_the_game_have_a_pixelated_or_childlike_style_7003dd1d__inactive
311,answer__does_the_game_have_a_pixelated_or_childlike_style_7003dd1d__not_applicable
312,answer__does_the_game_have_a_pixelated_or_childlike_style_df8228d5__no
313,answer__does_the_game_have_a_pixelated_or_childlike_style_df8228d5__yes_it_has_a_childlike_style_e_g_likely_to_appeal_to_younger_children
314,answer__does_the_game_have_a_pixelated_or_childlike_style_df8228d5__yes_it_has_a_pixelated_style
315,answer__does_the_game_have_a_pixelated_or_childlike_style_df8228d5__inactive
316,answer__does_the_game_have_a_pixelated_or_childlike_style_df8228d5__not_applicable
317,answer__does_the_game_have_a_system_for_players_to_trade_items_w_540e69c1__no
318,answer__does_the_game_have_a_system_for_players_to_trade_items_w_540e69c1__yes
319,answer__does_the_game_have_a_system_for_players_to_trade_items_w_540e69c1__inactive
320,answer__does_the_game_have_a_system_for_players_to_trade_items_w_540e69c1__not_applicable
321,answer__does_the_game_include_chat_moderation_f5949739__no
322,answer__does_the_game_include_chat_moderation_f5949739__yes
323,answer__does_the_game_include_chat_moderation_f5949739__inactive
324,answer__does_the_game_include_chat_moderation_f5949739__not_applicable
325,answer__does_the_game_include_the_ability_or_requirement_to_make_87aee7ff__no
326,answer__does_the_game_include_the_ability_or_requirement_to_make_87aee7ff__yes
327,answer__does_the_game_include_the_ability_or_requirement_to_make_87aee7ff__inactive
328,answer__does_the_game_include_the_ability_or_requirement_to_make_87aee7ff__not_applicable
329,answer__does_the_game_include_the_ability_or_requirement_to_wage_2d25b462__no
330,answer__does_the_game_include_the_ability_or_requirement_to_wage_2d25b462__yes
331,answer__does_the_game_include_the_ability_or_requirement_to_wage_2d25b462__inactive
332,answer__does_the_game_include_the_ability_or_requirement_to_wage_2d25b462__not_applicable
333,answer__does_the_game_include_the_ability_or_requirement_to_wage_3f5a30fa__no
334,answer__does_the_game_include_the_ability_or_requirement_to_wage_3f5a30fa__yes
335,answer__does_the_game_include_the_ability_or_requirement_to_wage_3f5a30fa__inactive
336,answer__does_the_game_include_the_ability_or_requirement_to_wage_3f5a30fa__not_applicable
337,answer__does_the_game_include_the_ability_or_requirement_to_wage_c8e71373__no
338,answer__does_the_game_include_the_ability_or_requirement_to_wage_c8e71373__yes
339,answer__does_the_game_include_the_ability_or_requirement_to_wage_c8e71373__inactive
340,answer__does_the_game_include_the_ability_or_requirement_to_wage_c8e71373__not_applicable
341,answer__does_the_game_include_the_ability_to_block_users_or_user_ae7dcc61__no
342,answer__does_the_game_include_the_ability_to_block_users_or_user_ae7dcc61__yes
343,answer__does_the_game_include_the_ability_to_block_users_or_user_ae7dcc61__inactive
344,answer__does_the_game_include_the_ability_to_block_users_or_user_ae7dcc61__not_applicable
345,answer__does_the_game_include_the_ability_to_report_users_or_use_5e66cfbc__no
346,answer__does_the_game_include_the_ability_to_report_users_or_use_5e66cfbc__yes
347,answer__does_the_game_include_the_ability_to_report_users_or_use_5e66cfbc__inactive
348,answer__does_the_game_include_the_ability_to_report_users_or_use_5e66cfbc__not_applicable
349,answer__does_the_game_include_the_purchase_or_sale_of_digital_go_9a08ca09__no
350,answer__does_the_game_include_the_purchase_or_sale_of_digital_go_9a08ca09__yes
351,answer__does_the_game_include_the_purchase_or_sale_of_digital_go_9a08ca09__inactive
352,answer__does_the_game_include_the_purchase_or_sale_of_digital_go_9a08ca09__not_applicable
353,answer__does_the_game_natively_allow_users_to_interact_or_exchan_a4531922__no
354,answer__does_the_game_natively_allow_users_to_interact_or_exchan_a4531922__yes
355,answer__does_the_game_natively_allow_users_to_interact_or_exchan_a4531922__inactive
356,answer__does_the_game_natively_allow_users_to_interact_or_exchan_a4531922__not_applicable
357,answer__does_the_game_share_the_user_s_current_and_precise_physi_9a758681__no
358,answer__does_the_game_share_the_user_s_current_and_precise_physi_9a758681__yes
359,answer__does_the_game_share_the_user_s_current_and_precise_physi_9a758681__inactive
360,answer__does_the_game_share_the_user_s_current_and_precise_physi_9a758681__not_applicable
361,answer__does_the_game_take_place_in_a_realistic_or_historical_wa_067f5d44__no
362,answer__does_the_game_take_place_in_a_realistic_or_historical_wa_067f5d44__yes
363,answer__does_the_game_take_place_in_a_realistic_or_historical_wa_067f5d44__inactive
364,answer__does_the_game_take_place_in_a_realistic_or_historical_wa_067f5d44__not_applicable
365,answer__does_the_product_focus_on_any_other_age_restricted_activ_f21b28b2__no
366,answer__does_the_product_focus_on_any_other_age_restricted_activ_f21b28b2__yes
367,answer__does_the_product_focus_on_any_other_age_restricted_activ_f21b28b2__inactive
368,answer__does_the_product_focus_on_any_other_age_restricted_activ_f21b28b2__not_applicable
369,answer__does_the_product_focus_on_promoting_alcohol_or_tobacco_fda3ff82__no
370,answer__does_the_product_focus_on_promoting_alcohol_or_tobacco_fda3ff82__yes
371,answer__does_the_product_focus_on_promoting_alcohol_or_tobacco_fda3ff82__inactive
372,answer__does_the_product_focus_on_promoting_alcohol_or_tobacco_fda3ff82__not_applicable
373,answer__how_explicitly_depicted_are_these_disturbing_or_gory_ima_31c85158__graphic_detail
374,answer__how_explicitly_depicted_are_these_disturbing_or_gory_ima_31c85158__limited_detail
375,answer__how_explicitly_depicted_are_these_disturbing_or_gory_ima_31c85158__moderate_detail
376,answer__how_explicitly_depicted_are_these_disturbing_or_gory_ima_31c85158__inactive
377,answer__how_explicitly_depicted_are_these_disturbing_or_gory_ima_31c85158__not_applicable
378,answer__how_frequent_are_the_horrifying_elements_793da69a__often
379,answer__how_frequent_are_the_horrifying_elements_793da69a__rare
380,answer__how_frequent_are_the_horrifying_elements_793da69a__inactive
381,answer__how_frequent_are_the_horrifying_elements_793da69a__not_applicable
382,answer__how_frequent_are_the_scary_elements_71813163__often
383,answer__how_frequent_are_the_scary_elements_71813163__rare
384,answer__how_frequent_are_the_scary_elements_71813163__inactive
385,answer__how_frequent_are_the_scary_elements_71813163__not_applicable
386,answer__how_frequently_are_revealing_outfits_depicted_dbabdf26__often
387,answer__how_frequently_are_revealing_outfits_depicted_dbabdf26__rarely
388,answer__how_frequently_are_revealing_outfits_depicted_dbabdf26__inactive
389,answer__how_frequently_are_revealing_outfits_depicted_dbabdf26__not_applicable
390,answer__how_frequently_do_fantasy_drugs_occur_f510ee29__often
391,answer__how_frequently_do_fantasy_drugs_occur_f510ee29__rarely
392,answer__how_frequently_do_fantasy_drugs_occur_f510ee29__inactive
393,answer__how_frequently_do_fantasy_drugs_occur_f510ee29__not_applicable
394,answer__how_frequently_do_medical_drugs_occur_04c7e80e__often
395,answer__how_frequently_do_medical_drugs_occur_04c7e80e__rarely
396,answer__how_frequently_do_medical_drugs_occur_04c7e80e__inactive
397,answer__how_frequently_do_medical_drugs_occur_04c7e80e__not_applicable
398,answer__how_frequently_do_minor_profanities_occur_9d2bf28d__often
399,answer__how_frequently_do_minor_profanities_occur_9d2bf28d__rarely
400,answer__how_frequently_do_minor_profanities_occur_9d2bf28d__inactive
401,answer__how_frequently_do_minor_profanities_occur_9d2bf28d__not_applicable
402,answer__how_frequently_do_sexual_expletives_occur_d0c59225__often
403,answer__how_frequently_do_sexual_expletives_occur_d0c59225__rarely
404,answer__how_frequently_do_sexual_expletives_occur_d0c59225__inactive
405,answer__how_frequently_do_sexual_expletives_occur_d0c59225__not_applicable
406,answer__how_frequently_do_the_fantasy_creatures_breasts_appear_e879ee9f__often
407,answer__how_frequently_do_the_fantasy_creatures_breasts_appear_e879ee9f__rarely
408,answer__how_frequently_do_the_fantasy_creatures_breasts_appear_e879ee9f__inactive
409,answer__how_frequently_do_the_fantasy_creatures_breasts_appear_e879ee9f__not_applicable
410,answer__how_frequently_do_the_female_human_breasts_with_nipples__163e9d54__often
411,answer__how_frequently_do_the_female_human_breasts_with_nipples__163e9d54__rarely
412,answer__how_frequently_do_the_female_human_breasts_with_nipples__163e9d54__inactive
413,answer__how_frequently_do_the_female_human_breasts_with_nipples__163e9d54__not_applicable
414,answer__how_frequently_do_the_human_buttocks_appear_6198e796__often
415,answer__how_frequently_do_the_human_buttocks_appear_6198e796__rarely
416,answer__how_frequently_do_the_human_buttocks_appear_6198e796__inactive
417,answer__how_frequently_do_the_human_buttocks_appear_6198e796__not_applicable
418,answer__how_frequently_do_the_nipple_less_breasts_appear_9f7d8dc0__often
419,answer__how_frequently_do_the_nipple_less_breasts_appear_9f7d8dc0__rarely
420,answer__how_frequently_do_the_nipple_less_breasts_appear_9f7d8dc0__inactive
421,answer__how_frequently_do_the_nipple_less_breasts_appear_9f7d8dc0__not_applicable
422,answer__how_frequently_does_discriminatory_language_occur_5fd2d7f7__often
423,answer__how_frequently_does_discriminatory_language_occur_5fd2d7f7__rarely
424,answer__how_frequently_does_discriminatory_language_occur_5fd2d7f7__inactive
425,answer__how_frequently_does_discriminatory_language_occur_5fd2d7f7__not_applicable
426,answer__how_frequently_does_moderate_swearing_occur_7d1d932d__often
427,answer__how_frequently_does_moderate_swearing_occur_7d1d932d__rarely
428,answer__how_frequently_does_moderate_swearing_occur_7d1d932d__inactive
429,answer__how_frequently_does_moderate_swearing_occur_7d1d932d__not_applicable
430,answer__how_frequently_does_the_genitalia_appear_6e9bbba6__often
431,answer__how_frequently_does_the_genitalia_appear_6e9bbba6__rarely
432,answer__how_frequently_does_the_genitalia_appear_6e9bbba6__inactive
433,answer__how_frequently_does_the_genitalia_appear_6e9bbba6__not_applicable
434,answer__how_frequently_does_this_alcohol_content_occur_861b9e63__often
435,answer__how_frequently_does_this_alcohol_content_occur_861b9e63__rarely
436,answer__how_frequently_does_this_alcohol_content_occur_861b9e63__inactive
437,answer__how_frequently_does_this_alcohol_content_occur_861b9e63__not_applicable
438,answer__how_frequently_does_this_tobacco_content_occur_0cdd660c__often
439,answer__how_frequently_does_this_tobacco_content_occur_0cdd660c__rarely
440,answer__how_frequently_does_this_tobacco_content_occur_0cdd660c__inactive
441,answer__how_frequently_does_this_tobacco_content_occur_0cdd660c__not_applicable
442,answer__how_is_the_sexual_violence_in_the_app_presented_a33620b5__referred_to_only
443,answer__how_is_the_sexual_violence_in_the_app_presented_a33620b5__visually_depicted
444,answer__how_is_the_sexual_violence_in_the_app_presented_a33620b5__inactive
445,answer__how_is_the_sexual_violence_in_the_app_presented_a33620b5__not_applicable
446,answer__how_is_the_sexual_violence_in_the_game_presented_1aa9d746__referred_to_only
447,answer__how_is_the_sexual_violence_in_the_game_presented_1aa9d746__visually_depicted
448,answer__how_is_the_sexual_violence_in_the_game_presented_1aa9d746__inactive
449,answer__how_is_the_sexual_violence_in_the_game_presented_1aa9d746__not_applicable
450,answer__how_often_do_sexual_acts_occur_7a0c9886__often
451,answer__how_often_do_sexual_acts_occur_7a0c9886__rarely
452,answer__how_often_do_sexual_acts_occur_7a0c9886__inactive
453,answer__how_often_do_sexual_acts_occur_7a0c9886__not_applicable
454,answer__how_would_you_describe_the_reactions_to_violence_f4f3f14a__realistic
455,answer__how_would_you_describe_the_reactions_to_violence_f4f3f14a__unrealistic
456,answer__how_would_you_describe_the_reactions_to_violence_f4f3f14a__inactive
457,answer__how_would_you_describe_the_reactions_to_violence_f4f3f14a__not_applicable
458,answer__in_what_kind_of_setting_context_storyline_does_the_viole_a606b09d__fantastical
459,answer__in_what_kind_of_setting_context_storyline_does_the_viole_a606b09d__realistic
460,answer__in_what_kind_of_setting_context_storyline_does_the_viole_a606b09d__inactive
461,answer__in_what_kind_of_setting_context_storyline_does_the_viole_a606b09d__not_applicable
462,answer__is_a_significant_portion_of_the_app_used_to_connect_peop_b57e2e9d__no
463,answer__is_a_significant_portion_of_the_app_used_to_connect_peop_b57e2e9d__yes
464,answer__is_a_significant_portion_of_the_app_used_to_connect_peop_b57e2e9d__inactive
465,answer__is_a_significant_portion_of_the_app_used_to_connect_peop_b57e2e9d__not_applicable
466,answer__is_accessing_this_material_the_primary_purpose_of_the_ap_1bd1703c__no
467,answer__is_accessing_this_material_the_primary_purpose_of_the_ap_1bd1703c__yes
468,answer__is_accessing_this_material_the_primary_purpose_of_the_ap_1bd1703c__inactive
469,answer__is_accessing_this_material_the_primary_purpose_of_the_ap_1bd1703c__not_applicable
470,answer__is_any_of_this_content_in_an_erotic_provocative_setting__11eb2959__no
471,answer__is_any_of_this_content_in_an_erotic_provocative_setting__11eb2959__yes
472,answer__is_any_of_this_content_in_an_erotic_provocative_setting__11eb2959__inactive
473,answer__is_any_of_this_content_in_an_erotic_provocative_setting__11eb2959__not_applicable
474,answer__is_any_of_this_violence_against_real_world_animals_6fc80a86__no
475,answer__is_any_of_this_violence_against_real_world_animals_6fc80a86__yes
476,answer__is_any_of_this_violence_against_real_world_animals_6fc80a86__inactive
477,answer__is_any_of_this_violence_against_real_world_animals_6fc80a86__not_applicable
478,answer__is_shared_user_generated_content_the_primary_source_of_c_ccfc5be7__no
479,answer__is_shared_user_generated_content_the_primary_source_of_c_ccfc5be7__yes
480,answer__is_shared_user_generated_content_the_primary_source_of_c_ccfc5be7__inactive
481,answer__is_shared_user_generated_content_the_primary_source_of_c_ccfc5be7__not_applicable
482,answer__is_the_app_a_web_browser_or_search_engine_15f398d7__no
483,answer__is_the_app_a_web_browser_or_search_engine_15f398d7__yes
484,answer__is_the_app_a_web_browser_or_search_engine_15f398d7__inactive
485,answer__is_the_app_a_web_browser_or_search_engine_15f398d7__not_applicable
486,answer__is_the_app_primarily_a_news_or_educational_product_44733801__no
487,answer__is_the_app_primarily_a_news_or_educational_product_44733801__yes
488,answer__is_the_app_primarily_a_news_or_educational_product_44733801__inactive
489,answer__is_the_app_primarily_a_news_or_educational_product_44733801__not_applicable
490,answer__is_the_issuance_of_these_digital_assets_a_significant_or_60d212c2__no
491,answer__is_the_issuance_of_these_digital_assets_a_significant_or_60d212c2__yes
492,answer__is_the_issuance_of_these_digital_assets_a_significant_or_60d212c2__inactive
493,answer__is_the_issuance_of_these_digital_assets_a_significant_or_60d212c2__not_applicable
494,answer__is_the_use_of_illegal_or_recreational_drugs_interactive_0bbcd975__no
495,answer__is_the_use_of_illegal_or_recreational_drugs_interactive_0bbcd975__yes
496,answer__is_the_use_of_illegal_or_recreational_drugs_interactive_0bbcd975__inactive
497,answer__is_the_use_of_illegal_or_recreational_drugs_interactive_0bbcd975__not_applicable
498,answer__is_the_use_of_illegal_or_recreational_drugs_related_to_i_368c1654__no
499,answer__is_the_use_of_illegal_or_recreational_drugs_related_to_i_368c1654__yes
500,answer__is_the_use_of_illegal_or_recreational_drugs_related_to_i_368c1654__inactive
501,answer__is_the_use_of_illegal_or_recreational_drugs_related_to_i_368c1654__not_applicable
502,answer__is_there_an_intense_and_unrelenting_sense_of_imminent_th_91f93ed6__no
503,answer__is_there_an_intense_and_unrelenting_sense_of_imminent_th_91f93ed6__yes
504,answer__is_there_an_intense_and_unrelenting_sense_of_imminent_th_91f93ed6__inactive
505,answer__is_there_an_intense_and_unrelenting_sense_of_imminent_th_91f93ed6__not_applicable
506,answer__is_this_content_the_focus_of_the_app_01edd6fa__no
507,answer__is_this_content_the_focus_of_the_app_01edd6fa__yes
508,answer__is_this_content_the_focus_of_the_app_01edd6fa__inactive
509,answer__is_this_content_the_focus_of_the_app_01edd6fa__not_applicable
510,answer__is_this_the_primary_focus_of_the_app_abad8299__no
511,answer__is_this_the_primary_focus_of_the_app_abad8299__yes
512,answer__is_this_the_primary_focus_of_the_app_abad8299__inactive
513,answer__is_this_the_primary_focus_of_the_app_abad8299__not_applicable
514,answer__what_best_describes_this_type_of_blood_in_the_app_270691dd__large_or_frequent
515,answer__what_best_describes_this_type_of_blood_in_the_app_270691dd__small_and_infrequent
516,answer__what_best_describes_this_type_of_blood_in_the_app_270691dd__inactive
517,answer__what_best_describes_this_type_of_blood_in_the_app_270691dd__not_applicable
518,answer__what_best_describes_this_type_of_blood_in_the_game_7ee8e188__large_or_frequent
519,answer__what_best_describes_this_type_of_blood_in_the_game_7ee8e188__small_and_infrequent
520,answer__what_best_describes_this_type_of_blood_in_the_game_7ee8e188__inactive
521,answer__what_best_describes_this_type_of_blood_in_the_game_7ee8e188__not_applicable
522,answer__what_is_the_duration_of_these_scenes_ebc5ddb7__brief
523,answer__what_is_the_duration_of_these_scenes_ebc5ddb7__prolonged
524,answer__what_is_the_duration_of_these_scenes_ebc5ddb7__inactive
525,answer__what_is_the_duration_of_these_scenes_ebc5ddb7__not_applicable
526,answer__what_is_the_level_of_blood_and_or_gore_associated_with_t_11d6d7cc__high
527,answer__what_is_the_level_of_blood_and_or_gore_associated_with_t_11d6d7cc__mild_limited
528,answer__what_is_the_level_of_blood_and_or_gore_associated_with_t_11d6d7cc__moderate
529,answer__what_is_the_level_of_blood_and_or_gore_associated_with_t_11d6d7cc__none
530,answer__what_is_the_level_of_blood_and_or_gore_associated_with_t_11d6d7cc__inactive
531,answer__what_is_the_level_of_blood_and_or_gore_associated_with_t_11d6d7cc__not_applicable
532,answer__which_of_the_following_would_best_describe_the_app_6d1d2d7d__communication_used_to_communicate_with_people_already_known_to_the_user_in_one_on_one_or_small_group_conversations_skype_sms_and_gmail_are_examples_of_these_types_of_products
533,answer__which_of_the_following_would_best_describe_the_app_6d1d2d7d__social_used_to_communicate_post_and_share_content_with_large_groups_of_people_or_for_meeting_new_people_facebook_twitter_instagram_tinder_are_examples_of_these_types_of_products
534,answer__which_of_the_following_would_best_describe_the_app_6d1d2d7d__inactive
535,answer__which_of_the_following_would_best_describe_the_app_6d1d2d7d__not_applicable
536,answer__alcohol_533c1b5c__encourages_glamorizes
537,answer__alcohol_533c1b5c__reference
538,answer__alcohol_533c1b5c__use
539,answer__alcohol_533c1b5c__none
540,answer__alcohol_533c1b5c__inactive
541,answer__alcohol_533c1b5c__not_applicable
542,answer__fantasy_drugs_0cdae46d__encourages_glamorizes
543,answer__fantasy_drugs_0cdae46d__reference
544,answer__fantasy_drugs_0cdae46d__use
545,answer__fantasy_drugs_0cdae46d__none
546,answer__fantasy_drugs_0cdae46d__inactive
547,answer__fantasy_drugs_0cdae46d__not_applicable
548,answer__how_is_this_violence_presented_in_the_app_12995eb2__implied_but_not_seen
549,answer__how_is_this_violence_presented_in_the_app_12995eb2__often_depicted_from_a_close_up_perspective
550,answer__how_is_this_violence_presented_in_the_app_12995eb2__often_depicted_from_a_distant_perspective
551,answer__how_is_this_violence_presented_in_the_app_12995eb2__rarely_depicted_from_a_close_up_perspective
552,answer__how_is_this_violence_presented_in_the_app_12995eb2__rarely_depicted_from_a_distant_perspective
553,answer__how_is_this_violence_presented_in_the_app_12995eb2__referred_to
554,answer__how_is_this_violence_presented_in_the_app_12995eb2__none
555,answer__how_is_this_violence_presented_in_the_app_12995eb2__inactive
556,answer__how_is_this_violence_presented_in_the_app_12995eb2__not_applicable
557,answer__how_is_this_violence_presented_in_the_app_98219979__often_depicted_from_a_close_up_perspective
558,answer__how_is_this_violence_presented_in_the_app_98219979__often_depicted_from_a_distant_perspective
559,answer__how_is_this_violence_presented_in_the_app_98219979__rarely_depicted_from_a_close_up_perspective
560,answer__how_is_this_violence_presented_in_the_app_98219979__rarely_depicted_from_a_distant_perspective
561,answer__how_is_this_violence_presented_in_the_app_98219979__referred_to
562,answer__how_is_this_violence_presented_in_the_app_98219979__none
563,answer__how_is_this_violence_presented_in_the_app_98219979__inactive
564,answer__how_is_this_violence_presented_in_the_app_98219979__not_applicable
565,answer__how_is_this_violence_presented_in_the_game_0a118a0a__often_depicted_from_a_close_up_perspective
566,answer__how_is_this_violence_presented_in_the_game_0a118a0a__often_depicted_from_a_distant_perspective
567,answer__how_is_this_violence_presented_in_the_game_0a118a0a__rarely_depicted_from_a_close_up_perspective
568,answer__how_is_this_violence_presented_in_the_game_0a118a0a__rarely_depicted_from_a_distant_perspective
569,answer__how_is_this_violence_presented_in_the_game_0a118a0a__referred_to
570,answer__how_is_this_violence_presented_in_the_game_0a118a0a__none
571,answer__how_is_this_violence_presented_in_the_game_0a118a0a__inactive
572,answer__how_is_this_violence_presented_in_the_game_0a118a0a__not_applicable
573,answer__how_is_this_violence_presented_in_the_game_d6f09ae3__implied_but_not_seen
574,answer__how_is_this_violence_presented_in_the_game_d6f09ae3__often_depicted_from_a_close_up_perspective
575,answer__how_is_this_violence_presented_in_the_game_d6f09ae3__often_depicted_from_a_distant_perspective
576,answer__how_is_this_violence_presented_in_the_game_d6f09ae3__rarely_depicted_from_a_close_up_perspective
577,answer__how_is_this_violence_presented_in_the_game_d6f09ae3__rarely_depicted_from_a_distant_perspective
578,answer__how_is_this_violence_presented_in_the_game_d6f09ae3__referred_to
579,answer__how_is_this_violence_presented_in_the_game_d6f09ae3__none
580,answer__how_is_this_violence_presented_in_the_game_d6f09ae3__inactive
581,answer__how_is_this_violence_presented_in_the_game_d6f09ae3__not_applicable
582,answer__how_would_you_describe_the_depiction_of_these_scenes_ple_091615b8__obscured_innuendo_sex_act_is_either_entirely_off_camera_or_completely_blocked_from_view
583,answer__how_would_you_describe_the_depiction_of_these_scenes_ple_091615b8__shown_with_full_frontal_nudity
584,answer__how_would_you_describe_the_depiction_of_these_scenes_ple_091615b8__shown_with_no_nudity_characters_are_depicted_in_a_sexual_act_but_no_nudity_is_shown
585,answer__how_would_you_describe_the_depiction_of_these_scenes_ple_091615b8__shown_with_partial_nudity_breasts_buttocks
586,answer__how_would_you_describe_the_depiction_of_these_scenes_ple_091615b8__none
587,answer__how_would_you_describe_the_depiction_of_these_scenes_ple_091615b8__inactive
588,answer__how_would_you_describe_the_depiction_of_these_scenes_ple_091615b8__not_applicable
589,answer__how_would_you_describe_the_suggestive_sexual_themes_cont_945c7ef1__overtly_sexual_situations_or_visually_depicted_innuendo
590,answer__how_would_you_describe_the_suggestive_sexual_themes_cont_945c7ef1__references_to_sexual_activity_with_descriptive_detail
591,answer__how_would_you_describe_the_suggestive_sexual_themes_cont_945c7ef1__references_to_sexual_activity_without_descriptive_detail
592,answer__how_would_you_describe_the_suggestive_sexual_themes_cont_945c7ef1__sexual_situations_involving_those_who_appear_to_be_under_18
593,answer__how_would_you_describe_the_suggestive_sexual_themes_cont_945c7ef1__suggestive_references_and_innuendo_in_text_dialogue_or_heard
594,answer__how_would_you_describe_the_suggestive_sexual_themes_cont_945c7ef1__none
595,answer__how_would_you_describe_the_suggestive_sexual_themes_cont_945c7ef1__inactive
596,answer__how_would_you_describe_the_suggestive_sexual_themes_cont_945c7ef1__not_applicable
597,answer__how_would_you_describe_the_suggestive_sexual_themes_cont_e3783b5e__overtly_sexual_situations_or_visually_depicted_innuendo
598,answer__how_would_you_describe_the_suggestive_sexual_themes_cont_e3783b5e__references_to_sexual_activity_with_descriptive_detail
599,answer__how_would_you_describe_the_suggestive_sexual_themes_cont_e3783b5e__references_to_sexual_activity_without_descriptive_detail
600,answer__how_would_you_describe_the_suggestive_sexual_themes_cont_e3783b5e__sexual_situations_involving_those_who_appear_to_be_under_18
601,answer__how_would_you_describe_the_suggestive_sexual_themes_cont_e3783b5e__suggestive_references_and_innuendo_in_text_dialogue_or_heard
602,answer__how_would_you_describe_the_suggestive_sexual_themes_cont_e3783b5e__none
603,answer__how_would_you_describe_the_suggestive_sexual_themes_cont_e3783b5e__inactive
604,answer__how_would_you_describe_the_suggestive_sexual_themes_cont_e3783b5e__not_applicable
605,answer__illegal_or_recreational_drugs_ba0c1239__detailed_instruction_for_use
606,answer__illegal_or_recreational_drugs_ba0c1239__encourages_glamorizes
607,answer__illegal_or_recreational_drugs_ba0c1239__reference
608,answer__illegal_or_recreational_drugs_ba0c1239__use
609,answer__illegal_or_recreational_drugs_ba0c1239__none
610,answer__illegal_or_recreational_drugs_ba0c1239__inactive
611,answer__illegal_or_recreational_drugs_ba0c1239__not_applicable
612,answer__medical_drugs_32c6cc3e__encourages_glamorizes
613,answer__medical_drugs_32c6cc3e__reference
614,answer__medical_drugs_32c6cc3e__use
615,answer__medical_drugs_32c6cc3e__none
616,answer__medical_drugs_32c6cc3e__inactive
617,answer__medical_drugs_32c6cc3e__not_applicable
618,answer__please_select_all_that_the_app_includes_18adc531__discriminatory_language_against_race_religion_sex_etc
619,answer__please_select_all_that_the_app_includes_18adc531__minor_profanities_e_g_go_to_hell
620,answer__please_select_all_that_the_app_includes_18adc531__moderate_swearing_or_other_language_or_gestures_that_could_be_considered_moderately_or_significantly_offensive
621,answer__please_select_all_that_the_app_includes_18adc531__sexual_expletives
622,answer__please_select_all_that_the_app_includes_18adc531__none
623,answer__please_select_all_that_the_app_includes_18adc531__inactive
624,answer__please_select_all_that_the_app_includes_18adc531__not_applicable
625,answer__please_select_all_that_the_app_includes_24d1114b__nudity
626,answer__please_select_all_that_the_app_includes_24d1114b__revealing_outfits
627,answer__please_select_all_that_the_app_includes_24d1114b__none
628,answer__please_select_all_that_the_app_includes_24d1114b__inactive
629,answer__please_select_all_that_the_app_includes_24d1114b__not_applicable
630,answer__please_select_all_that_the_app_includes_4715352d__cash_convertible_rewards_cash_rewards_real_world_items_of_significant_monetary_value_convertible_cryptocurrency_rewards_or_other_play_to_earn_mechanics
631,answer__please_select_all_that_the_app_includes_4715352d__issuance_e_g_minting_of_transferable_digital_assets_e_g_nfts
632,answer__please_select_all_that_the_app_includes_4715352d__none
633,answer__please_select_all_that_the_app_includes_4715352d__inactive
634,answer__please_select_all_that_the_app_includes_4715352d__not_applicable
635,answer__please_select_all_that_the_app_includes_4cf49f6e__horrifying_elements
636,answer__please_select_all_that_the_app_includes_4cf49f6e__scary_elements
637,answer__please_select_all_that_the_app_includes_4cf49f6e__none
638,answer__please_select_all_that_the_app_includes_4cf49f6e__inactive
639,answer__please_select_all_that_the_app_includes_4cf49f6e__not_applicable
640,answer__please_select_all_that_the_app_includes_6686a0fa__alcohol
641,answer__please_select_all_that_the_app_includes_6686a0fa__fantasy_drugs
642,answer__please_select_all_that_the_app_includes_6686a0fa__illegal_or_recreational_drugs
643,answer__please_select_all_that_the_app_includes_6686a0fa__medical_drugs
644,answer__please_select_all_that_the_app_includes_6686a0fa__tobacco
645,answer__please_select_all_that_the_app_includes_6686a0fa__none
646,answer__please_select_all_that_the_app_includes_6686a0fa__inactive
647,answer__please_select_all_that_the_app_includes_6686a0fa__not_applicable
648,answer__please_select_all_that_the_app_includes_8940577b__blood_that_isn_t_directly_related_to_a_violent_act_e_g_blood_on_clothing_blood_in_the_background_blood_resulting_from_performing_surgery
649,answer__please_select_all_that_the_app_includes_8940577b__disturbing_or_gory_images_without_a_violent_act_shown
650,answer__please_select_all_that_the_app_includes_8940577b__violence_against_anything_other_than_humans_e_g_animals_fantasy_creatures_robots_vehicles
651,answer__please_select_all_that_the_app_includes_8940577b__violence_or_implied_violence_against_humans
652,answer__please_select_all_that_the_app_includes_8940577b__none
653,answer__please_select_all_that_the_app_includes_8940577b__inactive
654,answer__please_select_all_that_the_app_includes_8940577b__not_applicable
655,answer__please_select_all_that_the_app_includes_8aa332fd__female_fantasy_creatures_breasts_e_g_harpies
656,answer__please_select_all_that_the_app_includes_8aa332fd__female_human_breasts_with_nipples
657,answer__please_select_all_that_the_app_includes_8aa332fd__genitalia
658,answer__please_select_all_that_the_app_includes_8aa332fd__human_buttocks
659,answer__please_select_all_that_the_app_includes_8aa332fd__nipple_less_breasts_or_breasts_with_minimal_coverage_e_g_pasties_long_hair
660,answer__please_select_all_that_the_app_includes_8aa332fd__none
661,answer__please_select_all_that_the_app_includes_8aa332fd__inactive
662,answer__please_select_all_that_the_app_includes_8aa332fd__not_applicable
663,answer__please_select_all_that_the_app_includes_b82bc521__any_other_games_that_use_in_app_currency_tokens_to_play_and_can_reward_the_same_currency_through_gameplay
664,answer__please_select_all_that_the_app_includes_b82bc521__gambling_themes
665,answer__please_select_all_that_the_app_includes_b82bc521__playable_bingo_games
666,answer__please_select_all_that_the_app_includes_b82bc521__playable_casino_games_lotteries_or_racetrack_betting
667,answer__please_select_all_that_the_app_includes_b82bc521__none
668,answer__please_select_all_that_the_app_includes_b82bc521__inactive
669,answer__please_select_all_that_the_app_includes_b82bc521__not_applicable
670,answer__please_select_all_that_the_app_includes_be745a55__depictions_of_or_references_to_sexual_violence
671,answer__please_select_all_that_the_app_includes_be745a55__nudity_or_revealing_outfits
672,answer__please_select_all_that_the_app_includes_be745a55__sexual_activity_includes_both_moving_and_still_images_of_sexual_activity
673,answer__please_select_all_that_the_app_includes_be745a55__suggestive_sexual_themes_or_references
674,answer__please_select_all_that_the_app_includes_be745a55__none
675,answer__please_select_all_that_the_app_includes_be745a55__inactive
676,answer__please_select_all_that_the_app_includes_be745a55__not_applicable
677,answer__please_select_all_that_the_game_includes_44d3634e__female_fantasy_creatures_breasts_e_g_harpies
678,answer__please_select_all_that_the_game_includes_44d3634e__female_human_breasts_with_nipples
679,answer__please_select_all_that_the_game_includes_44d3634e__genitalia
680,answer__please_select_all_that_the_game_includes_44d3634e__human_buttocks
681,answer__please_select_all_that_the_game_includes_44d3634e__nipple_less_breasts_or_breasts_with_minimal_coverage_e_g_pasties_long_hair
682,answer__please_select_all_that_the_game_includes_44d3634e__none
683,answer__please_select_all_that_the_game_includes_44d3634e__inactive
684,answer__please_select_all_that_the_game_includes_44d3634e__not_applicable
685,answer__please_select_all_that_the_game_includes_4e162967__cash_convertible_rewards_cash_rewards_real_world_items_of_significant_monetary_value_convertible_cryptocurrency_rewards_or_other_play_to_earn_mechanics
686,answer__please_select_all_that_the_game_includes_4e162967__issuance_e_g_minting_of_transferable_digital_assets_e_g_nfts
687,answer__please_select_all_that_the_game_includes_4e162967__purchases_of_digital_goods
688,answer__please_select_all_that_the_game_includes_4e162967__none
689,answer__please_select_all_that_the_game_includes_4e162967__inactive
690,answer__please_select_all_that_the_game_includes_4e162967__not_applicable
691,answer__please_select_all_that_the_game_includes_500aa428__discriminatory_language_against_race_religion_sex_etc
692,answer__please_select_all_that_the_game_includes_500aa428__minor_profanities_e_g_go_to_hell
693,answer__please_select_all_that_the_game_includes_500aa428__moderate_swearing_or_other_language_or_gestures_that_could_be_considered_moderately_or_significantly_offensive
694,answer__please_select_all_that_the_game_includes_500aa428__sexual_expletives
695,answer__please_select_all_that_the_game_includes_500aa428__none
696,answer__please_select_all_that_the_game_includes_500aa428__inactive
697,answer__please_select_all_that_the_game_includes_500aa428__not_applicable
698,answer__please_select_all_that_the_game_includes_768feb67__dating_games_interactive_dating_marriage_or_other_romantic_relationships_between_game_characters
699,answer__please_select_all_that_the_game_includes_768feb67__depictions_of_or_references_to_sexual_violence
700,answer__please_select_all_that_the_game_includes_768feb67__nudity_or_revealing_outfits
701,answer__please_select_all_that_the_game_includes_768feb67__sexual_activity_includes_both_moving_and_still_images_of_sexual_activity
702,answer__please_select_all_that_the_game_includes_768feb67__suggestive_sexual_themes_or_references
703,answer__please_select_all_that_the_game_includes_768feb67__none
704,answer__please_select_all_that_the_game_includes_768feb67__inactive
705,answer__please_select_all_that_the_game_includes_768feb67__not_applicable
706,answer__please_select_all_that_the_game_includes_a0533f3c__blood_that_isn_t_directly_related_to_a_violent_act_e_g_blood_on_clothing_blood_in_the_background_blood_resulting_from_performing_surgery
707,answer__please_select_all_that_the_game_includes_a0533f3c__disturbing_or_gory_images_without_a_violent_act_shown
708,answer__please_select_all_that_the_game_includes_a0533f3c__violence_against_anything_other_than_humans_e_g_animals_fantasy_creatures_robots_vehicles
709,answer__please_select_all_that_the_game_includes_a0533f3c__violence_or_implied_violence_against_humans
710,answer__please_select_all_that_the_game_includes_a0533f3c__none
711,answer__please_select_all_that_the_game_includes_a0533f3c__inactive
712,answer__please_select_all_that_the_game_includes_a0533f3c__not_applicable
713,answer__please_select_all_that_the_game_includes_a17b785f__any_other_games_that_use_in_game_currency_tokens_to_play_and_can_reward_the_same_currency_through_gameplay
714,answer__please_select_all_that_the_game_includes_a17b785f__gambling_themes
715,answer__please_select_all_that_the_game_includes_a17b785f__playable_bingo_games
716,answer__please_select_all_that_the_game_includes_a17b785f__playable_casino_games_lotteries_or_racetrack_betting
717,answer__please_select_all_that_the_game_includes_a17b785f__none
718,answer__please_select_all_that_the_game_includes_a17b785f__inactive
719,answer__please_select_all_that_the_game_includes_a17b785f__not_applicable
720,answer__please_select_all_that_the_game_includes_a522854d__horrifying_elements
721,answer__please_select_all_that_the_game_includes_a522854d__scary_elements
722,answer__please_select_all_that_the_game_includes_a522854d__none
723,answer__please_select_all_that_the_game_includes_a522854d__inactive
724,answer__please_select_all_that_the_game_includes_a522854d__not_applicable
725,answer__please_select_all_that_the_game_includes_ba1c8db3__alcohol
726,answer__please_select_all_that_the_game_includes_ba1c8db3__fantasy_drugs
727,answer__please_select_all_that_the_game_includes_ba1c8db3__illegal_or_recreational_drugs
728,answer__please_select_all_that_the_game_includes_ba1c8db3__medical_drugs
729,answer__please_select_all_that_the_game_includes_ba1c8db3__tobacco
730,answer__please_select_all_that_the_game_includes_ba1c8db3__none
731,answer__please_select_all_that_the_game_includes_ba1c8db3__inactive
732,answer__please_select_all_that_the_game_includes_ba1c8db3__not_applicable
733,answer__please_select_all_that_the_game_includes_c2929670__nudity
734,answer__please_select_all_that_the_game_includes_c2929670__revealing_outfits
735,answer__please_select_all_that_the_game_includes_c2929670__none
736,answer__please_select_all_that_the_game_includes_c2929670__inactive
737,answer__please_select_all_that_the_game_includes_c2929670__not_applicable
738,answer__tobacco_5dc1a9a7__encourages_glamorizes
739,answer__tobacco_5dc1a9a7__reference
740,answer__tobacco_5dc1a9a7__use
741,answer__tobacco_5dc1a9a7__none
742,answer__tobacco_5dc1a9a7__inactive
743,answer__tobacco_5dc1a9a7__not_applicable
744,answer__what_bodily_functions_are_used_for_humorous_purposes_in__93ae31fe__act_of_human_defecation_visually_depicted
745,answer__what_bodily_functions_are_used_for_humorous_purposes_in__93ae31fe__flatulence_with_depiction_of_flatulence_cloud_whimsical_depictions_of_feces_poo_coils_vomiting
746,answer__what_bodily_functions_are_used_for_humorous_purposes_in__93ae31fe__mucus_belching_flatulence_sounds
747,answer__what_bodily_functions_are_used_for_humorous_purposes_in__93ae31fe__urination_urine_realistically_depicted_feces
748,answer__what_bodily_functions_are_used_for_humorous_purposes_in__93ae31fe__none
749,answer__what_bodily_functions_are_used_for_humorous_purposes_in__93ae31fe__inactive
750,answer__what_bodily_functions_are_used_for_humorous_purposes_in__93ae31fe__not_applicable
751,answer__what_bodily_functions_are_used_for_humorous_purposes_in__dac843c1__act_of_human_defecation_visually_depicted
752,answer__what_bodily_functions_are_used_for_humorous_purposes_in__dac843c1__flatulence_with_depiction_of_flatulence_cloud_whimsical_depictions_of_feces_poo_coils_vomiting
753,answer__what_bodily_functions_are_used_for_humorous_purposes_in__dac843c1__mucus_belching_flatulence_sounds
754,answer__what_bodily_functions_are_used_for_humorous_purposes_in__dac843c1__urination_urine_realistically_depicted_feces
755,answer__what_bodily_functions_are_used_for_humorous_purposes_in__dac843c1__none
756,answer__what_bodily_functions_are_used_for_humorous_purposes_in__dac843c1__inactive
757,answer__what_bodily_functions_are_used_for_humorous_purposes_in__dac843c1__not_applicable
