column_name,role,data_type,nullable,source_field,question_id,question_type,applicable_categories,allowed_values,missing_meaning,description
sample_id,identifier,string,no,sampleId,,,All Other App Types || Game || Social or Communication,,,Stable sample identifier; exclude from model features.
category,raw_feature_candidate,categorical string,no,category,,,All Other App Types || Game || Social or Communication,All Other App Types || Game || Social or Communication,,Questionnaire category. Encoding belongs to task 4.
answer__alcohol_533c1b5c,raw_feature_candidate,categorical string,no,questionStates.options[selected=true],alcohol_533c1b5c,checkbox,All Other App Types || Game,Encourages/Glamorizes || Reference || Use || __NONE__ || __INACTIVE__ || __NOT_APPLICABLE__,__INACTIVE__=branch inactive; __NOT_APPLICABLE__=question not used by category; __NONE__=active checkbox with no selection.,Alcohol
answer__are_there_any_fierce_sounds_sinister_or_intimidating_cha_c6faf05f,raw_feature_candidate,categorical string,no,questionStates.options[selected=true],are_there_any_fierce_sounds_sinister_or_intimidating_cha_c6faf05f,radio,All Other App Types || Game,No || Yes || __INACTIVE__ || __NOT_APPLICABLE__,__INACTIVE__=branch inactive; __NOT_APPLICABLE__=question not used by category; __NONE__=active checkbox with no selection.,"Are there any fierce sounds, sinister or intimidating characters, or dark overtones associated with this violence?"
answer__are_there_detailed_descriptions_of_techniques_that_could_207c80c9,raw_feature_candidate,categorical string,no,questionStates.options[selected=true],are_there_detailed_descriptions_of_techniques_that_could_207c80c9,radio,Game,No || Yes || __INACTIVE__ || __NOT_APPLICABLE__,__INACTIVE__=branch inactive; __NOT_APPLICABLE__=question not used by category; __NONE__=active checkbox with no selection.,Are there detailed descriptions of techniques that could be used in criminal offenses?
answer__are_these_crimes_or_criminal_techniques_likely_to_be_imi_3820601a,raw_feature_candidate,categorical string,no,questionStates.options[selected=true],are_these_crimes_or_criminal_techniques_likely_to_be_imi_3820601a,radio,Game,No || Yes || __INACTIVE__ || __NOT_APPLICABLE__,__INACTIVE__=branch inactive; __NOT_APPLICABLE__=question not used by category; __NONE__=active checkbox with no selection.,Are these crimes or criminal techniques likely to be imitated by children or youths?
answer__are_these_dating_games_prominently_featured_or_a_strong__aaafc141,raw_feature_candidate,categorical string,no,questionStates.options[selected=true],are_these_dating_games_prominently_featured_or_a_strong__aaafc141,radio,Game,No || Yes || __INACTIVE__ || __NOT_APPLICABLE__,__INACTIVE__=branch inactive; __NOT_APPLICABLE__=question not used by category; __NONE__=active checkbox with no selection.,Are these dating games prominently featured or a strong focus of the product?
answer__are_these_depictions_strictly_limited_to_slapstick_viole_d3c73bb1,raw_feature_candidate,categorical string,no,questionStates.options[selected=true],are_these_depictions_strictly_limited_to_slapstick_viole_d3c73bb1,radio,All Other App Types,No || Yes || __INACTIVE__ || __NOT_APPLICABLE__,__INACTIVE__=branch inactive; __NOT_APPLICABLE__=question not used by category; __NONE__=active checkbox with no selection.,"Are these depictions strictly limited to slapstick violence or bloodless, unrealistic, and cartoony depictions?"
answer__are_these_gambling_themes_prominently_featured_or_a_stro_d54762be,raw_feature_candidate,categorical string,no,questionStates.options[selected=true],are_these_gambling_themes_prominently_featured_or_a_stro_d54762be,radio,All Other App Types || Game,No || Yes || __INACTIVE__ || __NOT_APPLICABLE__,__INACTIVE__=branch inactive; __NOT_APPLICABLE__=question not used by category; __NONE__=active checkbox with no selection.,Are these gambling themes prominently featured or a strong focus of the product?
answer__are_these_revealing_outfits_ever_depicted_in_an_erotic_o_a25a70b0,raw_feature_candidate,categorical string,no,questionStates.options[selected=true],are_these_revealing_outfits_ever_depicted_in_an_erotic_o_a25a70b0,radio,All Other App Types || Game,No || Yes || __INACTIVE__ || __NOT_APPLICABLE__,__INACTIVE__=branch inactive; __NOT_APPLICABLE__=question not used by category; __NONE__=active checkbox with no selection.,Are these revealing outfits ever depicted in an erotic or provocative setting or context?
answer__can_illegal_or_recreational_drugs_be_referred_to_through_e887484f,raw_feature_candidate,categorical string,no,questionStates.options[selected=true],can_illegal_or_recreational_drugs_be_referred_to_through_e887484f,radio,All Other App Types,No || Yes || __INACTIVE__ || __NOT_APPLICABLE__,__INACTIVE__=branch inactive; __NOT_APPLICABLE__=question not used by category; __NONE__=active checkbox with no selection.,Can illegal or recreational drugs be referred to through text or spoken about?
answer__can_innocent_or_defenseless_characters_be_seriously_inju_2f1f1e8b,raw_feature_candidate,categorical string,no,questionStates.options[selected=true],can_innocent_or_defenseless_characters_be_seriously_inju_2f1f1e8b,radio,All Other App Types || Game,"No || Yes, with penalties || Yes, without penalties || __INACTIVE__ || __NOT_APPLICABLE__",__INACTIVE__=branch inactive; __NOT_APPLICABLE__=question not used by category; __NONE__=active checkbox with no selection.,Can innocent or defenseless characters be seriously injured or killed?
answer__can_interactions_in_the_app_be_limited_to_invited_friend_eceecc3d,raw_feature_candidate,categorical string,no,questionStates.options[selected=true],can_interactions_in_the_app_be_limited_to_invited_friend_eceecc3d,radio,All Other App Types || Social or Communication,No || Yes || __INACTIVE__ || __NOT_APPLICABLE__,__INACTIVE__=branch inactive; __NOT_APPLICABLE__=question not used by category; __NONE__=active checkbox with no selection.,Can interactions in the app be limited to invited friends only?
answer__can_interactions_in_the_game_be_limited_to_invited_frien_88ea2f62,raw_feature_candidate,categorical string,no,questionStates.options[selected=true],can_interactions_in_the_game_be_limited_to_invited_frien_88ea2f62,radio,Game,No || Yes || __INACTIVE__ || __NOT_APPLICABLE__,__INACTIVE__=branch inactive; __NOT_APPLICABLE__=question not used by category; __NONE__=active checkbox with no selection.,Can interactions in the game be limited to invited friends only?
answer__can_playing_these_bingo_games_reward_cash_payouts_or_rew_07fc306a,raw_feature_candidate,categorical string,no,questionStates.options[selected=true],can_playing_these_bingo_games_reward_cash_payouts_or_rew_07fc306a,radio,All Other App Types || Game,No || Yes || __INACTIVE__ || __NOT_APPLICABLE__,__INACTIVE__=branch inactive; __NOT_APPLICABLE__=question not used by category; __NONE__=active checkbox with no selection.,Can playing these bingo games reward cash payouts or rewards of significant monetary value?
answer__can_playing_these_casino_games_lotteries_or_racetrack_be_1b84b6e2,raw_feature_candidate,categorical string,no,questionStates.options[selected=true],can_playing_these_casino_games_lotteries_or_racetrack_be_1b84b6e2,radio,All Other App Types || Game,No || Yes || __INACTIVE__ || __NOT_APPLICABLE__,__INACTIVE__=branch inactive; __NOT_APPLICABLE__=question not used by category; __NONE__=active checkbox with no selection.,"Can playing these casino games, lotteries, or racetrack betting games reward cash payouts or rewards of significant monetary value?"
answer__can_the_app_contain_any_potentially_offensive_language_p_f3fe3d35,raw_feature_candidate,categorical string,no,questionStates.options[selected=true],can_the_app_contain_any_potentially_offensive_language_p_f3fe3d35,radio,All Other App Types,No || Yes || __INACTIVE__ || __NOT_APPLICABLE__,__INACTIVE__=branch inactive; __NOT_APPLICABLE__=question not used by category; __NONE__=active checkbox with no selection.,Can the app contain any potentially offensive language? Please note that this does not refer to user-generated content.
answer__can_the_app_contain_discriminatory_language_7368f4f4,raw_feature_candidate,categorical string,no,questionStates.options[selected=true],can_the_app_contain_discriminatory_language_7368f4f4,radio,All Other App Types,No || Yes || __INACTIVE__ || __NOT_APPLICABLE__,__INACTIVE__=branch inactive; __NOT_APPLICABLE__=question not used by category; __NONE__=active checkbox with no selection.,Can the app contain discriminatory language?
answer__can_the_app_contain_minor_profanities_e_g_go_to_hell_4b2bd815,raw_feature_candidate,categorical string,no,questionStates.options[selected=true],can_the_app_contain_minor_profanities_e_g_go_to_hell_4b2bd815,radio,All Other App Types,No || Yes || __INACTIVE__ || __NOT_APPLICABLE__,__INACTIVE__=branch inactive; __NOT_APPLICABLE__=question not used by category; __NONE__=active checkbox with no selection.,"Can the app contain minor profanities (e.g., ""go to hell"")?"
answer__can_the_app_contain_moderate_swearing_or_other_language__cdc1565c,raw_feature_candidate,categorical string,no,questionStates.options[selected=true],can_the_app_contain_moderate_swearing_or_other_language__cdc1565c,radio,All Other App Types,No || Yes || __INACTIVE__ || __NOT_APPLICABLE__,__INACTIVE__=branch inactive; __NOT_APPLICABLE__=question not used by category; __NONE__=active checkbox with no selection.,Can the app contain moderate swearing or other language that could be considered moderately or significantly offensive?
answer__can_the_app_contain_references_to_or_depictions_of_illeg_387441a4,raw_feature_candidate,categorical string,no,questionStates.options[selected=true],can_the_app_contain_references_to_or_depictions_of_illeg_387441a4,radio,All Other App Types,No || Yes || __INACTIVE__ || __NOT_APPLICABLE__,__INACTIVE__=branch inactive; __NOT_APPLICABLE__=question not used by category; __NONE__=active checkbox with no selection.,"Can the app contain references to or depictions of illegal or recreational drugs? Content that sellers create as part of the app catalog needs to be considered; however, this question does not refer to user-generated content (e.g., comments and reviews)."
answer__can_the_app_contain_sexual_expletives_b9c51086,raw_feature_candidate,categorical string,no,questionStates.options[selected=true],can_the_app_contain_sexual_expletives_b9c51086,radio,All Other App Types,No || Yes || __INACTIVE__ || __NOT_APPLICABLE__,__INACTIVE__=branch inactive; __NOT_APPLICABLE__=question not used by category; __NONE__=active checkbox with no selection.,Can the app contain sexual expletives?
answer__can_the_app_contain_sexual_material_or_nudity_except_in__ccdb3618,raw_feature_candidate,categorical string,no,questionStates.options[selected=true],can_the_app_contain_sexual_material_or_nudity_except_in__ccdb3618,radio,All Other App Types,No || Yes || __INACTIVE__ || __NOT_APPLICABLE__,__INACTIVE__=branch inactive; __NOT_APPLICABLE__=question not used by category; __NONE__=active checkbox with no selection.,"Can the app contain sexual material or nudity (except in a natural or scientific setting)? Content that sellers create as part of the app catalog needs to be considered; however, this question does not refer to user-generated content (e.g., comments and reviews)."
answer__can_the_app_contain_violent_material_content_that_seller_42d20972,raw_feature_candidate,categorical string,no,questionStates.options[selected=true],can_the_app_contain_violent_material_content_that_seller_42d20972,radio,All Other App Types,No || Yes || __INACTIVE__ || __NOT_APPLICABLE__,__INACTIVE__=branch inactive; __NOT_APPLICABLE__=question not used by category; __NONE__=active checkbox with no selection.,"Can the app contain violent material? Content that sellers create as part of the app catalog needs to be considered; however, this question does not refer to user-generated content (e.g., comments and reviews)."
answer__can_the_player_ever_use_alcohol_in_a_first_person_perspe_4e53d7c8,raw_feature_candidate,categorical string,no,questionStates.options[selected=true],can_the_player_ever_use_alcohol_in_a_first_person_perspe_4e53d7c8,radio,Game,No || Yes || __INACTIVE__ || __NOT_APPLICABLE__,__INACTIVE__=branch inactive; __NOT_APPLICABLE__=question not used by category; __NONE__=active checkbox with no selection.,Can the player ever use alcohol in a first-person perspective?
answer__can_the_player_ever_use_tobacco_in_a_first_person_perspe_929a7633,raw_feature_candidate,categorical string,no,questionStates.options[selected=true],can_the_player_ever_use_tobacco_in_a_first_person_perspe_929a7633,radio,Game,No || Yes || __INACTIVE__ || __NOT_APPLICABLE__,__INACTIVE__=branch inactive; __NOT_APPLICABLE__=question not used by category; __NONE__=active checkbox with no selection.,Can the player ever use tobacco in a first-person perspective?
answer__can_the_user_ever_use_alcohol_in_a_first_person_perspect_ffd9c98e,raw_feature_candidate,categorical string,no,questionStates.options[selected=true],can_the_user_ever_use_alcohol_in_a_first_person_perspect_ffd9c98e,radio,All Other App Types,No || Yes || __INACTIVE__ || __NOT_APPLICABLE__,__INACTIVE__=branch inactive; __NOT_APPLICABLE__=question not used by category; __NONE__=active checkbox with no selection.,Can the user ever use alcohol in a first-person perspective?
answer__can_the_user_ever_use_tobacco_in_a_first_person_perspect_b682c1a1,raw_feature_candidate,categorical string,no,questionStates.options[selected=true],can_the_user_ever_use_tobacco_in_a_first_person_perspect_b682c1a1,radio,All Other App Types,No || Yes || __INACTIVE__ || __NOT_APPLICABLE__,__INACTIVE__=branch inactive; __NOT_APPLICABLE__=question not used by category; __NONE__=active checkbox with no selection.,Can the user ever use tobacco in a first-person perspective?
answer__can_these_purchases_include_random_items_where_the_purch_cfc20feb,raw_feature_candidate,categorical string,no,questionStates.options[selected=true],can_these_purchases_include_random_items_where_the_purch_cfc20feb,radio,All Other App Types || Game || Social or Communication,No || Yes || __INACTIVE__,__INACTIVE__=branch inactive; __NOT_APPLICABLE__=question not used by category; __NONE__=active checkbox with no selection.,"Can these purchases include random items where the purchaser doesn't know what specific items or features they will receive (e.g., loot boxes), the purchase of items that will be used to create or unlock an unknown item or feature (e.g., a key to unlock a loot box, material used to craft a random item), items that can improve the rate of earning random items (e.g., random drop boosts), or any other chance-based purchases?"
answer__can_these_sexual_images_be_pornographic_dbe74343,raw_feature_candidate,categorical string,no,questionStates.options[selected=true],can_these_sexual_images_be_pornographic_dbe74343,radio,All Other App Types,No || Yes || __INACTIVE__ || __NOT_APPLICABLE__,__INACTIVE__=branch inactive; __NOT_APPLICABLE__=question not used by category; __NONE__=active checkbox with no selection.,Can these sexual images be pornographic?
answer__can_these_sexual_images_depict_nudity_62b6c6d4,raw_feature_candidate,categorical string,no,questionStates.options[selected=true],can_these_sexual_images_depict_nudity_62b6c6d4,radio,All Other App Types,No || Yes || __INACTIVE__ || __NOT_APPLICABLE__,__INACTIVE__=branch inactive; __NOT_APPLICABLE__=question not used by category; __NONE__=active checkbox with no selection.,Can these sexual images depict nudity?
answer__can_these_violent_images_be_gross_or_gory_a3d431d0,raw_feature_candidate,categorical string,no,questionStates.options[selected=true],can_these_violent_images_be_gross_or_gory_a3d431d0,radio,All Other App Types,No || Yes || __INACTIVE__ || __NOT_APPLICABLE__,__INACTIVE__=branch inactive; __NOT_APPLICABLE__=question not used by category; __NONE__=active checkbox with no selection.,Can these violent images be gross or gory?
answer__can_this_app_contain_visual_depictions_of_illegal_or_rec_3788a7dc,raw_feature_candidate,categorical string,no,questionStates.options[selected=true],can_this_app_contain_visual_depictions_of_illegal_or_rec_3788a7dc,radio,All Other App Types,No || Yes || __INACTIVE__ || __NOT_APPLICABLE__,__INACTIVE__=branch inactive; __NOT_APPLICABLE__=question not used by category; __NONE__=active checkbox with no selection.,Can this app contain visual depictions of illegal or recreational drugs?
answer__can_this_sexual_material_be_referred_to_through_text_or__cef4ac8f,raw_feature_candidate,categorical string,no,questionStates.options[selected=true],can_this_sexual_material_be_referred_to_through_text_or__cef4ac8f,radio,All Other App Types,No || Yes || __INACTIVE__ || __NOT_APPLICABLE__,__INACTIVE__=branch inactive; __NOT_APPLICABLE__=question not used by category; __NONE__=active checkbox with no selection.,Can this sexual material be referred to through text or spoken about?
answer__can_this_sexual_material_be_visually_depicted_047f6e7c,raw_feature_candidate,categorical string,no,questionStates.options[selected=true],can_this_sexual_material_be_visually_depicted_047f6e7c,radio,All Other App Types,No || Yes || __INACTIVE__ || __NOT_APPLICABLE__,__INACTIVE__=branch inactive; __NOT_APPLICABLE__=question not used by category; __NONE__=active checkbox with no selection.,Can this sexual material be visually depicted?
answer__can_this_violent_material_be_referred_to_through_text_or_337488ea,raw_feature_candidate,categorical string,no,questionStates.options[selected=true],can_this_violent_material_be_referred_to_through_text_or_337488ea,radio,All Other App Types,No || Yes || __INACTIVE__ || __NOT_APPLICABLE__,__INACTIVE__=branch inactive; __NOT_APPLICABLE__=question not used by category; __NONE__=active checkbox with no selection.,Can this violent material be referred to through text or spoken about?
answer__can_this_violent_material_be_visually_depicted_9f0796c7,raw_feature_candidate,categorical string,no,questionStates.options[selected=true],can_this_violent_material_be_visually_depicted_9f0796c7,radio,All Other App Types,No || Yes || __INACTIVE__ || __NOT_APPLICABLE__,__INACTIVE__=branch inactive; __NOT_APPLICABLE__=question not used by category; __NONE__=active checkbox with no selection.,Can this violent material be visually depicted?
answer__do_any_of_these_creatures_behave_or_respond_like_humans_bd1de18a,raw_feature_candidate,categorical string,no,questionStates.options[selected=true],do_any_of_these_creatures_behave_or_respond_like_humans_bd1de18a,radio,All Other App Types || Game,No || Yes || __INACTIVE__ || __NOT_APPLICABLE__,__INACTIVE__=branch inactive; __NOT_APPLICABLE__=question not used by category; __NONE__=active checkbox with no selection.,Do any of these creatures behave or respond like humans?
answer__do_any_of_these_sex_acts_feature_characters_that_appear__36d02e50,raw_feature_candidate,categorical string,no,questionStates.options[selected=true],do_any_of_these_sex_acts_feature_characters_that_appear__36d02e50,radio,All Other App Types || Game,No || Yes || __INACTIVE__ || __NOT_APPLICABLE__,__INACTIVE__=branch inactive; __NOT_APPLICABLE__=question not used by category; __NONE__=active checkbox with no selection.,Do any of these sex acts feature characters that appear to be younger than 18?
answer__do_these_outfits_ever_appear_to_be_out_of_place_such_as__6f8c32b5,raw_feature_candidate,categorical string,no,questionStates.options[selected=true],do_these_outfits_ever_appear_to_be_out_of_place_such_as__6f8c32b5,radio,All Other App Types || Game,No || Yes || __INACTIVE__ || __NOT_APPLICABLE__,__INACTIVE__=branch inactive; __NOT_APPLICABLE__=question not used by category; __NONE__=active checkbox with no selection.,"Do these outfits ever appear to be out-of-place, such as a bikini worn on the battlefield or solely wearing undergarments in public?"
answer__does_the_app_allow_users_to_purchase_digital_goods_43ad2835,raw_feature_candidate,categorical string,no,questionStates.options[selected=true],does_the_app_allow_users_to_purchase_digital_goods_43ad2835,radio,All Other App Types || Social or Communication,No || Yes || __INACTIVE__ || __NOT_APPLICABLE__,__INACTIVE__=branch inactive; __NOT_APPLICABLE__=question not used by category; __NONE__=active checkbox with no selection.,Does the app allow users to purchase digital goods?
answer__does_the_app_contain_an_integrated_marketplace_for_these_6e119982,raw_feature_candidate,categorical string,no,questionStates.options[selected=true],does_the_app_contain_an_integrated_marketplace_for_these_6e119982,radio,All Other App Types,No || Yes || __INACTIVE__ || __NOT_APPLICABLE__,__INACTIVE__=branch inactive; __NOT_APPLICABLE__=question not used by category; __NONE__=active checkbox with no selection.,Does the app contain an integrated marketplace for these assets or promote/feature a particular marketplace for these assets?
answer__does_the_app_contain_any_bodily_functions_such_as_belchi_967792bd,raw_feature_candidate,categorical string,no,questionStates.options[selected=true],does_the_app_contain_any_bodily_functions_such_as_belchi_967792bd,radio,All Other App Types,No || Yes || __INACTIVE__ || __NOT_APPLICABLE__,__INACTIVE__=branch inactive; __NOT_APPLICABLE__=question not used by category; __NONE__=active checkbox with no selection.,"Does the app contain any bodily functions such as belching, flatulence, or vomiting when used for humorous purposes?"
answer__does_the_app_contain_any_potentially_offensive_language_b4cfa138,raw_feature_candidate,categorical string,no,questionStates.options[selected=true],does_the_app_contain_any_potentially_offensive_language_b4cfa138,radio,All Other App Types,No || Yes || __INACTIVE__ || __NOT_APPLICABLE__,__INACTIVE__=branch inactive; __NOT_APPLICABLE__=question not used by category; __NONE__=active checkbox with no selection.,Does the app contain any potentially offensive language?
answer__does_the_app_contain_any_ratings_relevant_content_e_g_se_1bdb46b7,raw_feature_candidate,categorical string,no,questionStates.options[selected=true],does_the_app_contain_any_ratings_relevant_content_e_g_se_1bdb46b7,radio,All Other App Types,No || Yes || __INACTIVE__ || __NOT_APPLICABLE__,__INACTIVE__=branch inactive; __NOT_APPLICABLE__=question not used by category; __NONE__=active checkbox with no selection.,"Does the app contain any ratings-relevant content (e.g., sex, violence, language) downloaded as part of the app package (code, assets)?"
answer__does_the_app_contain_any_reference_to_or_use_of_drugs_al_2098b4f8,raw_feature_candidate,categorical string,no,questionStates.options[selected=true],does_the_app_contain_any_reference_to_or_use_of_drugs_al_2098b4f8,radio,All Other App Types,No || Yes || __INACTIVE__ || __NOT_APPLICABLE__,__INACTIVE__=branch inactive; __NOT_APPLICABLE__=question not used by category; __NONE__=active checkbox with no selection.,"Does the app contain any reference to or use of drugs, alcohol, or tobacco?"
answer__does_the_app_contain_gambling_simulations_of_casino_gamb_e4e21264,raw_feature_candidate,categorical string,no,questionStates.options[selected=true],does_the_app_contain_gambling_simulations_of_casino_gamb_e4e21264,radio,All Other App Types,No || Yes || __INACTIVE__ || __NOT_APPLICABLE__,__INACTIVE__=branch inactive; __NOT_APPLICABLE__=question not used by category; __NONE__=active checkbox with no selection.,"Does the app contain gambling, simulations of casino gambling/bingo, or gambling themes?"
answer__does_the_app_contain_inferences_of_references_to_or_depi_00223f58,raw_feature_candidate,categorical string,no,questionStates.options[selected=true],does_the_app_contain_inferences_of_references_to_or_depi_00223f58,radio,All Other App Types,No || Yes || __INACTIVE__ || __NOT_APPLICABLE__,__INACTIVE__=branch inactive; __NOT_APPLICABLE__=question not used by category; __NONE__=active checkbox with no selection.,"Does the app contain inferences of, references to, or depictions of sexuality, sexual violence, suggestiveness, revealing attire, or nudity?"
answer__does_the_app_contain_inferences_of_references_to_or_depi_23169d75,raw_feature_candidate,categorical string,no,questionStates.options[selected=true],does_the_app_contain_inferences_of_references_to_or_depi_23169d75,radio,All Other App Types,No || Yes || __INACTIVE__ || __NOT_APPLICABLE__,__INACTIVE__=branch inactive; __NOT_APPLICABLE__=question not used by category; __NONE__=active checkbox with no selection.,"Does the app contain inferences of, references to, or depictions of violence, blood, or gory images?"
answer__does_the_app_contain_pictures_or_sounds_likely_to_be_sca_dbbee0fa,raw_feature_candidate,categorical string,no,questionStates.options[selected=true],does_the_app_contain_pictures_or_sounds_likely_to_be_sca_dbbee0fa,radio,All Other App Types,No || Yes || __INACTIVE__ || __NOT_APPLICABLE__,__INACTIVE__=branch inactive; __NOT_APPLICABLE__=question not used by category; __NONE__=active checkbox with no selection.,Does the app contain pictures or sounds likely to be scary or horrifying?
answer__does_the_app_feature_or_promote_content_that_isn_t_part__94fe8720,raw_feature_candidate,categorical string,no,questionStates.options[selected=true],does_the_app_feature_or_promote_content_that_isn_t_part__94fe8720,radio,All Other App Types,No || Yes || __INACTIVE__ || __NOT_APPLICABLE__,__INACTIVE__=branch inactive; __NOT_APPLICABLE__=question not used by category; __NONE__=active checkbox with no selection.,"Does the app feature or promote content that isn't part of the initial app download, but can be accessed from the app? Examples of this type of content are movies in the Netflix app, product listings in the Amazon Shopping app, songs in the Spotify app, generated AI content, or news articles in the New York Times app."
answer__does_the_app_focus_on_promoting_or_selling_items_or_acti_fb2a4b57,raw_feature_candidate,categorical string,no,questionStates.options[selected=true],does_the_app_focus_on_promoting_or_selling_items_or_acti_fb2a4b57,radio,All Other App Types,No || Yes || __INACTIVE__ || __NOT_APPLICABLE__,__INACTIVE__=branch inactive; __NOT_APPLICABLE__=question not used by category; __NONE__=active checkbox with no selection.,"Does the app focus on promoting or selling items or activities that are typically age-restricted such as cigarettes, alcohol, firearms, or gambling?"
answer__does_the_app_have_a_pixelated_or_childlike_style_2122fb74,raw_feature_candidate,categorical string,no,questionStates.options[selected=true],does_the_app_have_a_pixelated_or_childlike_style_2122fb74,radio,All Other App Types,"No || Yes, it has a childlike style (e.g., likely to appeal to younger children) || Yes, it has a pixelated style || __INACTIVE__ || __NOT_APPLICABLE__",__INACTIVE__=branch inactive; __NOT_APPLICABLE__=question not used by category; __NONE__=active checkbox with no selection.,Does the app have a pixelated or childlike style?
answer__does_the_app_have_a_pixelated_or_childlike_style_88e77522,raw_feature_candidate,categorical string,no,questionStates.options[selected=true],does_the_app_have_a_pixelated_or_childlike_style_88e77522,radio,All Other App Types,No || Yes || __INACTIVE__ || __NOT_APPLICABLE__,__INACTIVE__=branch inactive; __NOT_APPLICABLE__=question not used by category; __NONE__=active checkbox with no selection.,Does the app have a pixelated or childlike style?
answer__does_the_app_include_cash_rewards_gift_cards_play_to_ear_39e41173,raw_feature_candidate,categorical string,no,questionStates.options[selected=true],does_the_app_include_cash_rewards_gift_cards_play_to_ear_39e41173,radio,All Other App Types,No || Yes || __INACTIVE__ || __NOT_APPLICABLE__,__INACTIVE__=branch inactive; __NOT_APPLICABLE__=question not used by category; __NONE__=active checkbox with no selection.,"Does the app include cash rewards, gift cards, play-to-earn features, convertible cryptocurrency rewards, or the issuance of transferable digital assets (e.g., NFTs)?"
answer__does_the_app_include_chat_moderation_cc9ff2ca,raw_feature_candidate,categorical string,no,questionStates.options[selected=true],does_the_app_include_chat_moderation_cc9ff2ca,radio,All Other App Types || Social or Communication,No || Yes || __INACTIVE__ || __NOT_APPLICABLE__,__INACTIVE__=branch inactive; __NOT_APPLICABLE__=question not used by category; __NONE__=active checkbox with no selection.,Does the app include chat moderation?
answer__does_the_app_include_the_ability_or_requirement_to_make__638d2bc0,raw_feature_candidate,categorical string,no,questionStates.options[selected=true],does_the_app_include_the_ability_or_requirement_to_make__638d2bc0,radio,All Other App Types,No || Yes || __INACTIVE__ || __NOT_APPLICABLE__,__INACTIVE__=branch inactive; __NOT_APPLICABLE__=question not used by category; __NONE__=active checkbox with no selection.,Does the app include the ability or requirement to make any purchases related to the issuance or earning of these digital assets?
answer__does_the_app_include_the_ability_or_requirement_to_wager_42ff0adb,raw_feature_candidate,categorical string,no,questionStates.options[selected=true],does_the_app_include_the_ability_or_requirement_to_wager_42ff0adb,radio,All Other App Types,No || Yes || __INACTIVE__ || __NOT_APPLICABLE__,__INACTIVE__=branch inactive; __NOT_APPLICABLE__=question not used by category; __NONE__=active checkbox with no selection.,"Does the app include the ability or requirement to wager, purchase entrance fees, additional chances to win, or any other purchases potentially related to winning cash payouts or rewards of significant monetary value from these bingo games?"
answer__does_the_app_include_the_ability_or_requirement_to_wager_a234c2e8,raw_feature_candidate,categorical string,no,questionStates.options[selected=true],does_the_app_include_the_ability_or_requirement_to_wager_a234c2e8,radio,All Other App Types,No || Yes || __INACTIVE__ || __NOT_APPLICABLE__,__INACTIVE__=branch inactive; __NOT_APPLICABLE__=question not used by category; __NONE__=active checkbox with no selection.,"Does the app include the ability or requirement to wager, purchase entrance fees, additional chances to win, or any other purchases potentially related to winning cash payouts or rewards of significant monetary value?"
answer__does_the_app_include_the_ability_or_requirement_to_wager_fdd45537,raw_feature_candidate,categorical string,no,questionStates.options[selected=true],does_the_app_include_the_ability_or_requirement_to_wager_fdd45537,radio,All Other App Types,No || Yes || __INACTIVE__ || __NOT_APPLICABLE__,__INACTIVE__=branch inactive; __NOT_APPLICABLE__=question not used by category; __NONE__=active checkbox with no selection.,"Does the app include the ability or requirement to wager, purchase entrance fees, additional chances to win, or any other purchases potentially related to winning cash payouts or rewards of significant monetary value from these casino games, lotteries, or racetrack betting games?"
answer__does_the_app_include_the_ability_to_block_users_or_user__e8935808,raw_feature_candidate,categorical string,no,questionStates.options[selected=true],does_the_app_include_the_ability_to_block_users_or_user__e8935808,radio,All Other App Types || Social or Communication,No || Yes || __INACTIVE__ || __NOT_APPLICABLE__,__INACTIVE__=branch inactive; __NOT_APPLICABLE__=question not used by category; __NONE__=active checkbox with no selection.,Does the app include the ability to block users or user-generated content?
answer__does_the_app_include_the_ability_to_report_users_or_user_04c5c153,raw_feature_candidate,categorical string,no,questionStates.options[selected=true],does_the_app_include_the_ability_to_report_users_or_user_04c5c153,radio,All Other App Types || Social or Communication,No || Yes || __INACTIVE__ || __NOT_APPLICABLE__,__INACTIVE__=branch inactive; __NOT_APPLICABLE__=question not used by category; __NONE__=active checkbox with no selection.,Does the app include the ability to report users or user-generated content?
answer__does_the_app_natively_allow_users_to_interact_or_exchang_0814bcf5,raw_feature_candidate,categorical string,no,questionStates.options[selected=true],does_the_app_natively_allow_users_to_interact_or_exchang_0814bcf5,radio,All Other App Types,No || Yes || __INACTIVE__ || __NOT_APPLICABLE__,__INACTIVE__=branch inactive; __NOT_APPLICABLE__=question not used by category; __NONE__=active checkbox with no selection.,"Does the app natively allow users to interact or exchange content with other users through voice communication, text, or sharing images or audio?"
answer__does_the_app_permit_the_public_sharing_of_nudity_54ca8431,raw_feature_candidate,categorical string,no,questionStates.options[selected=true],does_the_app_permit_the_public_sharing_of_nudity_54ca8431,radio,All Other App Types || Social or Communication,No || Yes || __INACTIVE__ || __NOT_APPLICABLE__,__INACTIVE__=branch inactive; __NOT_APPLICABLE__=question not used by category; __NONE__=active checkbox with no selection.,Does the app permit the public sharing of nudity?
answer__does_the_app_permit_the_public_sharing_of_real_world_gra_809166c4,raw_feature_candidate,categorical string,no,questionStates.options[selected=true],does_the_app_permit_the_public_sharing_of_real_world_gra_809166c4,radio,All Other App Types || Social or Communication,No || Yes || __INACTIVE__ || __NOT_APPLICABLE__,__INACTIVE__=branch inactive; __NOT_APPLICABLE__=question not used by category; __NONE__=active checkbox with no selection.,"Does the app permit the public sharing of real-world, graphic violence outside of a newsworthy context?"
answer__does_the_app_share_the_user_s_current_and_precise_physic_259a3f8a,raw_feature_candidate,categorical string,no,questionStates.options[selected=true],does_the_app_share_the_user_s_current_and_precise_physic_259a3f8a,radio,All Other App Types || Social or Communication,No || Yes || __INACTIVE__ || __NOT_APPLICABLE__,__INACTIVE__=branch inactive; __NOT_APPLICABLE__=question not used by category; __NONE__=active checkbox with no selection.,Does the app share the user's current and precise physical location with other users?
answer__does_the_app_take_place_in_a_realistic_or_historical_war_78e4413f,raw_feature_candidate,categorical string,no,questionStates.options[selected=true],does_the_app_take_place_in_a_realistic_or_historical_war_78e4413f,radio,All Other App Types,No || Yes || __INACTIVE__ || __NOT_APPLICABLE__,__INACTIVE__=branch inactive; __NOT_APPLICABLE__=question not used by category; __NONE__=active checkbox with no selection.,Does the app take place in a realistic or historical war setting?
answer__does_the_game_advocate_committing_acts_of_terrorism_e10f0658,raw_feature_candidate,categorical string,no,questionStates.options[selected=true],does_the_game_advocate_committing_acts_of_terrorism_e10f0658,radio,Game,No || Yes || __INACTIVE__ || __NOT_APPLICABLE__,__INACTIVE__=branch inactive; __NOT_APPLICABLE__=question not used by category; __NONE__=active checkbox with no selection.,Does the game advocate committing acts of terrorism?
answer__does_the_game_contain_an_integrated_marketplace_for_thes_feb79fb9,raw_feature_candidate,categorical string,no,questionStates.options[selected=true],does_the_game_contain_an_integrated_marketplace_for_thes_feb79fb9,radio,Game,No || Yes || __INACTIVE__ || __NOT_APPLICABLE__,__INACTIVE__=branch inactive; __NOT_APPLICABLE__=question not used by category; __NONE__=active checkbox with no selection.,Does the game contain an integrated marketplace for these assets or promote/feature a particular marketplace for these assets?
answer__does_the_game_contain_any_bodily_functions_such_as_belch_7d053cfc,raw_feature_candidate,categorical string,no,questionStates.options[selected=true],does_the_game_contain_any_bodily_functions_such_as_belch_7d053cfc,radio,Game,No || Yes || __INACTIVE__ || __NOT_APPLICABLE__,__INACTIVE__=branch inactive; __NOT_APPLICABLE__=question not used by category; __NONE__=active checkbox with no selection.,"Does the game contain any bodily functions such as belching, flatulence, or vomiting when used for humorous purposes? Please note that this question does not refer to user-generated content."
answer__does_the_game_contain_any_content_that_can_substantially_0e8549e7,raw_feature_candidate,categorical string,no,questionStates.options[selected=true],does_the_game_contain_any_content_that_can_substantially_0e8549e7,radio,Game,No || Yes || __INACTIVE__ || __NOT_APPLICABLE__,__INACTIVE__=branch inactive; __NOT_APPLICABLE__=question not used by category; __NONE__=active checkbox with no selection.,Does the game contain any content that can substantially erode the national identity of the Republic of Korea by describing anti-national acts or distorting historical facts?
answer__does_the_game_contain_any_potentially_offensive_language_3a42be1b,raw_feature_candidate,categorical string,no,questionStates.options[selected=true],does_the_game_contain_any_potentially_offensive_language_3a42be1b,radio,Game,No || Yes || __INACTIVE__ || __NOT_APPLICABLE__,__INACTIVE__=branch inactive; __NOT_APPLICABLE__=question not used by category; __NONE__=active checkbox with no selection.,Does the game contain any potentially offensive language? Please note that this question does not refer to user-generated content.
answer__does_the_game_contain_any_reference_to_or_use_of_drugs_a_10f81ced,raw_feature_candidate,categorical string,no,questionStates.options[selected=true],does_the_game_contain_any_reference_to_or_use_of_drugs_a_10f81ced,radio,Game,No || Yes || __INACTIVE__ || __NOT_APPLICABLE__,__INACTIVE__=branch inactive; __NOT_APPLICABLE__=question not used by category; __NONE__=active checkbox with no selection.,"Does the game contain any reference to or use of drugs, alcohol, or tobacco? Please note that this question does not refer to user-generated content."
answer__does_the_game_contain_any_swastikas_other_nazi_symbols_o_b8cf710d,raw_feature_candidate,categorical string,no,questionStates.options[selected=true],does_the_game_contain_any_swastikas_other_nazi_symbols_o_b8cf710d,radio,Game,No || Yes || __INACTIVE__ || __NOT_APPLICABLE__,__INACTIVE__=branch inactive; __NOT_APPLICABLE__=question not used by category; __NONE__=active checkbox with no selection.,"Does the game contain any swastikas, other Nazi symbols or propaganda deemed unconstitutional in Germany?"
answer__does_the_game_contain_gambling_simulations_of_casino_gam_251e14df,raw_feature_candidate,categorical string,no,questionStates.options[selected=true],does_the_game_contain_gambling_simulations_of_casino_gam_251e14df,radio,Game,No || Yes || __INACTIVE__ || __NOT_APPLICABLE__,__INACTIVE__=branch inactive; __NOT_APPLICABLE__=question not used by category; __NONE__=active checkbox with no selection.,"Does the game contain gambling, simulations of casino gambling/bingo, or gambling themes? Please note that this question does not refer to user-generated content."
answer__does_the_game_contain_inferences_of_references_to_or_dep_a40be1cf,raw_feature_candidate,categorical string,no,questionStates.options[selected=true],does_the_game_contain_inferences_of_references_to_or_dep_a40be1cf,radio,Game,No || Yes || __INACTIVE__ || __NOT_APPLICABLE__,__INACTIVE__=branch inactive; __NOT_APPLICABLE__=question not used by category; __NONE__=active checkbox with no selection.,"Does the game contain inferences of, references to, or depictions of sexuality, sexual violence, suggestiveness, dating games, revealing attire, or nudity? Please note that this question does not refer to user-generated content."
answer__does_the_game_contain_inferences_of_references_to_or_dep_a60327ce,raw_feature_candidate,categorical string,no,questionStates.options[selected=true],does_the_game_contain_inferences_of_references_to_or_dep_a60327ce,radio,Game,No || Yes || __INACTIVE__ || __NOT_APPLICABLE__,__INACTIVE__=branch inactive; __NOT_APPLICABLE__=question not used by category; __NONE__=active checkbox with no selection.,"Does the game contain inferences of, references to, or depictions of violence, blood, or gory images? This includes violence directed at the player's character. Please note that this question does not refer to user-generated content."
answer__does_the_game_contain_pictures_or_sounds_likely_to_be_sc_954ee2f8,raw_feature_candidate,categorical string,no,questionStates.options[selected=true],does_the_game_contain_pictures_or_sounds_likely_to_be_sc_954ee2f8,radio,Game,No || Yes || __INACTIVE__ || __NOT_APPLICABLE__,__INACTIVE__=branch inactive; __NOT_APPLICABLE__=question not used by category; __NONE__=active checkbox with no selection.,"Does the game contain pictures or sounds likely to be scary, horrifying, or disturbing? Please note that this question does not refer to user-generated content."
answer__does_the_game_contain_realistic_descriptions_of_crimes_e_7a9af535,raw_feature_candidate,categorical string,no,questionStates.options[selected=true],does_the_game_contain_realistic_descriptions_of_crimes_e_7a9af535,radio,Game,No || Yes || __INACTIVE__ || __NOT_APPLICABLE__,__INACTIVE__=branch inactive; __NOT_APPLICABLE__=question not used by category; __NONE__=active checkbox with no selection.,"Does the game contain realistic descriptions of crimes (e.g., robbery, kidnapping) or techniques that can be used in criminal offenses?"
answer__does_the_game_have_a_pixelated_or_childlike_style_7003dd1d,raw_feature_candidate,categorical string,no,questionStates.options[selected=true],does_the_game_have_a_pixelated_or_childlike_style_7003dd1d,radio,Game,No || Yes || __INACTIVE__ || __NOT_APPLICABLE__,__INACTIVE__=branch inactive; __NOT_APPLICABLE__=question not used by category; __NONE__=active checkbox with no selection.,Does the game have a pixelated or childlike style?
answer__does_the_game_have_a_pixelated_or_childlike_style_df8228d5,raw_feature_candidate,categorical string,no,questionStates.options[selected=true],does_the_game_have_a_pixelated_or_childlike_style_df8228d5,radio,Game,"No || Yes, it has a childlike style (e.g., likely to appeal to younger children) || Yes, it has a pixelated style || __INACTIVE__ || __NOT_APPLICABLE__",__INACTIVE__=branch inactive; __NOT_APPLICABLE__=question not used by category; __NONE__=active checkbox with no selection.,Does the game have a pixelated or childlike style?
answer__does_the_game_have_a_system_for_players_to_trade_items_w_540e69c1,raw_feature_candidate,categorical string,no,questionStates.options[selected=true],does_the_game_have_a_system_for_players_to_trade_items_w_540e69c1,radio,Game,No || Yes || __INACTIVE__ || __NOT_APPLICABLE__,__INACTIVE__=branch inactive; __NOT_APPLICABLE__=question not used by category; __NONE__=active checkbox with no selection.,"Does the game have a system for players to trade items with each other using real money or in-game currency purchased with real money? (e.g. auction house, item exchange)"
answer__does_the_game_include_chat_moderation_f5949739,raw_feature_candidate,categorical string,no,questionStates.options[selected=true],does_the_game_include_chat_moderation_f5949739,radio,Game,No || Yes || __INACTIVE__ || __NOT_APPLICABLE__,__INACTIVE__=branch inactive; __NOT_APPLICABLE__=question not used by category; __NONE__=active checkbox with no selection.,Does the game include chat moderation?
answer__does_the_game_include_the_ability_or_requirement_to_make_87aee7ff,raw_feature_candidate,categorical string,no,questionStates.options[selected=true],does_the_game_include_the_ability_or_requirement_to_make_87aee7ff,radio,Game,No || Yes || __INACTIVE__ || __NOT_APPLICABLE__,__INACTIVE__=branch inactive; __NOT_APPLICABLE__=question not used by category; __NONE__=active checkbox with no selection.,Does the game include the ability or requirement to make any purchases related to the issuance or earning of these digital assets?
answer__does_the_game_include_the_ability_or_requirement_to_wage_2d25b462,raw_feature_candidate,categorical string,no,questionStates.options[selected=true],does_the_game_include_the_ability_or_requirement_to_wage_2d25b462,radio,Game,No || Yes || __INACTIVE__ || __NOT_APPLICABLE__,__INACTIVE__=branch inactive; __NOT_APPLICABLE__=question not used by category; __NONE__=active checkbox with no selection.,"Does the game include the ability or requirement to wager, purchase entrance fees, additional chances to win, or any other purchases potentially related to winning cash payouts or rewards of significant monetary value from these casino games, lotteries, or racetrack betting games?"
answer__does_the_game_include_the_ability_or_requirement_to_wage_3f5a30fa,raw_feature_candidate,categorical string,no,questionStates.options[selected=true],does_the_game_include_the_ability_or_requirement_to_wage_3f5a30fa,radio,Game,No || Yes || __INACTIVE__ || __NOT_APPLICABLE__,__INACTIVE__=branch inactive; __NOT_APPLICABLE__=question not used by category; __NONE__=active checkbox with no selection.,"Does the game include the ability or requirement to wager, purchase entrance fees, additional chances to win, or any other purchases potentially related to winning cash payouts or rewards of significant monetary value from these bingo games?"
answer__does_the_game_include_the_ability_or_requirement_to_wage_c8e71373,raw_feature_candidate,categorical string,no,questionStates.options[selected=true],does_the_game_include_the_ability_or_requirement_to_wage_c8e71373,radio,Game,No || Yes || __INACTIVE__ || __NOT_APPLICABLE__,__INACTIVE__=branch inactive; __NOT_APPLICABLE__=question not used by category; __NONE__=active checkbox with no selection.,"Does the game include the ability or requirement to wager, purchase entrance fees, additional chances to win, boosts, or any other purchases potentially related to earning or winning cash rewards or rewards of significant monetary value?"
answer__does_the_game_include_the_ability_to_block_users_or_user_ae7dcc61,raw_feature_candidate,categorical string,no,questionStates.options[selected=true],does_the_game_include_the_ability_to_block_users_or_user_ae7dcc61,radio,Game,No || Yes || __INACTIVE__ || __NOT_APPLICABLE__,__INACTIVE__=branch inactive; __NOT_APPLICABLE__=question not used by category; __NONE__=active checkbox with no selection.,Does the game include the ability to block users or user-generated content?
answer__does_the_game_include_the_ability_to_report_users_or_use_5e66cfbc,raw_feature_candidate,categorical string,no,questionStates.options[selected=true],does_the_game_include_the_ability_to_report_users_or_use_5e66cfbc,radio,Game,No || Yes || __INACTIVE__ || __NOT_APPLICABLE__,__INACTIVE__=branch inactive; __NOT_APPLICABLE__=question not used by category; __NONE__=active checkbox with no selection.,Does the game include the ability to report users or user-generated content?
answer__does_the_game_include_the_purchase_or_sale_of_digital_go_9a08ca09,raw_feature_candidate,categorical string,no,questionStates.options[selected=true],does_the_game_include_the_purchase_or_sale_of_digital_go_9a08ca09,radio,Game,No || Yes || __INACTIVE__ || __NOT_APPLICABLE__,__INACTIVE__=branch inactive; __NOT_APPLICABLE__=question not used by category; __NONE__=active checkbox with no selection.,"Does the game include the purchase or sale of digital goods, cash rewards, gift cards, play-to-earn features, convertible cryptocurrency rewards, or the issuance of transferable digital assets (e.g., NFTs)?"
answer__does_the_game_natively_allow_users_to_interact_or_exchan_a4531922,raw_feature_candidate,categorical string,no,questionStates.options[selected=true],does_the_game_natively_allow_users_to_interact_or_exchan_a4531922,radio,Game,No || Yes || __INACTIVE__ || __NOT_APPLICABLE__,__INACTIVE__=branch inactive; __NOT_APPLICABLE__=question not used by category; __NONE__=active checkbox with no selection.,"Does the game natively allow users to interact or exchange content with other users through voice communication, text, or sharing images or audio?"
answer__does_the_game_share_the_user_s_current_and_precise_physi_9a758681,raw_feature_candidate,categorical string,no,questionStates.options[selected=true],does_the_game_share_the_user_s_current_and_precise_physi_9a758681,radio,Game,No || Yes || __INACTIVE__ || __NOT_APPLICABLE__,__INACTIVE__=branch inactive; __NOT_APPLICABLE__=question not used by category; __NONE__=active checkbox with no selection.,Does the game share the user's current and precise physical location with other users?
answer__does_the_game_take_place_in_a_realistic_or_historical_wa_067f5d44,raw_feature_candidate,categorical string,no,questionStates.options[selected=true],does_the_game_take_place_in_a_realistic_or_historical_wa_067f5d44,radio,Game,No || Yes || __INACTIVE__ || __NOT_APPLICABLE__,__INACTIVE__=branch inactive; __NOT_APPLICABLE__=question not used by category; __NONE__=active checkbox with no selection.,Does the game take place in a realistic or historical war setting?
answer__does_the_product_focus_on_any_other_age_restricted_activ_f21b28b2,raw_feature_candidate,categorical string,no,questionStates.options[selected=true],does_the_product_focus_on_any_other_age_restricted_activ_f21b28b2,radio,All Other App Types,No || Yes || __INACTIVE__ || __NOT_APPLICABLE__,__INACTIVE__=branch inactive; __NOT_APPLICABLE__=question not used by category; __NONE__=active checkbox with no selection.,Does the product focus on any other age-restricted activities or items?
answer__does_the_product_focus_on_promoting_alcohol_or_tobacco_fda3ff82,raw_feature_candidate,categorical string,no,questionStates.options[selected=true],does_the_product_focus_on_promoting_alcohol_or_tobacco_fda3ff82,radio,All Other App Types,No || Yes || __INACTIVE__ || __NOT_APPLICABLE__,__INACTIVE__=branch inactive; __NOT_APPLICABLE__=question not used by category; __NONE__=active checkbox with no selection.,Does the product focus on promoting alcohol or tobacco?
answer__fantasy_drugs_0cdae46d,raw_feature_candidate,categorical string,no,questionStates.options[selected=true],fantasy_drugs_0cdae46d,checkbox,All Other App Types || Game,Encourages/Glamorizes || Reference || Use || __NONE__ || __INACTIVE__ || __NOT_APPLICABLE__,__INACTIVE__=branch inactive; __NOT_APPLICABLE__=question not used by category; __NONE__=active checkbox with no selection.,Fantasy Drugs
answer__how_explicitly_depicted_are_these_disturbing_or_gory_ima_31c85158,raw_feature_candidate,categorical string,no,questionStates.options[selected=true],how_explicitly_depicted_are_these_disturbing_or_gory_ima_31c85158,radio,All Other App Types || Game,Graphic Detail || Limited Detail || Moderate Detail || __INACTIVE__ || __NOT_APPLICABLE__,__INACTIVE__=branch inactive; __NOT_APPLICABLE__=question not used by category; __NONE__=active checkbox with no selection.,How explicitly depicted are these disturbing or gory images?
answer__how_frequent_are_the_horrifying_elements_793da69a,raw_feature_candidate,categorical string,no,questionStates.options[selected=true],how_frequent_are_the_horrifying_elements_793da69a,radio,All Other App Types || Game,Often || Rare || __INACTIVE__ || __NOT_APPLICABLE__,__INACTIVE__=branch inactive; __NOT_APPLICABLE__=question not used by category; __NONE__=active checkbox with no selection.,How frequent are the horrifying elements?
answer__how_frequent_are_the_scary_elements_71813163,raw_feature_candidate,categorical string,no,questionStates.options[selected=true],how_frequent_are_the_scary_elements_71813163,radio,All Other App Types || Game,Often || Rare || __INACTIVE__ || __NOT_APPLICABLE__,__INACTIVE__=branch inactive; __NOT_APPLICABLE__=question not used by category; __NONE__=active checkbox with no selection.,How frequent are the scary elements?
answer__how_frequently_are_revealing_outfits_depicted_dbabdf26,raw_feature_candidate,categorical string,no,questionStates.options[selected=true],how_frequently_are_revealing_outfits_depicted_dbabdf26,radio,All Other App Types || Game,Often || Rarely || __INACTIVE__ || __NOT_APPLICABLE__,__INACTIVE__=branch inactive; __NOT_APPLICABLE__=question not used by category; __NONE__=active checkbox with no selection.,How frequently are revealing outfits depicted?
answer__how_frequently_do_fantasy_drugs_occur_f510ee29,raw_feature_candidate,categorical string,no,questionStates.options[selected=true],how_frequently_do_fantasy_drugs_occur_f510ee29,radio,All Other App Types || Game,Often || Rarely || __INACTIVE__ || __NOT_APPLICABLE__,__INACTIVE__=branch inactive; __NOT_APPLICABLE__=question not used by category; __NONE__=active checkbox with no selection.,How frequently do fantasy drugs occur?
answer__how_frequently_do_medical_drugs_occur_04c7e80e,raw_feature_candidate,categorical string,no,questionStates.options[selected=true],how_frequently_do_medical_drugs_occur_04c7e80e,radio,All Other App Types || Game,Often || Rarely || __INACTIVE__ || __NOT_APPLICABLE__,__INACTIVE__=branch inactive; __NOT_APPLICABLE__=question not used by category; __NONE__=active checkbox with no selection.,How frequently do medical drugs occur?
answer__how_frequently_do_minor_profanities_occur_9d2bf28d,raw_feature_candidate,categorical string,no,questionStates.options[selected=true],how_frequently_do_minor_profanities_occur_9d2bf28d,radio,All Other App Types || Game,Often || Rarely || __INACTIVE__ || __NOT_APPLICABLE__,__INACTIVE__=branch inactive; __NOT_APPLICABLE__=question not used by category; __NONE__=active checkbox with no selection.,How frequently do minor profanities occur?
answer__how_frequently_do_sexual_expletives_occur_d0c59225,raw_feature_candidate,categorical string,no,questionStates.options[selected=true],how_frequently_do_sexual_expletives_occur_d0c59225,radio,All Other App Types || Game,Often || Rarely || __INACTIVE__ || __NOT_APPLICABLE__,__INACTIVE__=branch inactive; __NOT_APPLICABLE__=question not used by category; __NONE__=active checkbox with no selection.,How frequently do sexual expletives occur?
answer__how_frequently_do_the_fantasy_creatures_breasts_appear_e879ee9f,raw_feature_candidate,categorical string,no,questionStates.options[selected=true],how_frequently_do_the_fantasy_creatures_breasts_appear_e879ee9f,radio,All Other App Types || Game,Often || Rarely || __INACTIVE__ || __NOT_APPLICABLE__,__INACTIVE__=branch inactive; __NOT_APPLICABLE__=question not used by category; __NONE__=active checkbox with no selection.,How frequently do the fantasy creatures' breasts appear?
answer__how_frequently_do_the_female_human_breasts_with_nipples__163e9d54,raw_feature_candidate,categorical string,no,questionStates.options[selected=true],how_frequently_do_the_female_human_breasts_with_nipples__163e9d54,radio,All Other App Types || Game,Often || Rarely || __INACTIVE__ || __NOT_APPLICABLE__,__INACTIVE__=branch inactive; __NOT_APPLICABLE__=question not used by category; __NONE__=active checkbox with no selection.,How frequently do the female human breasts with nipples appear?
answer__how_frequently_do_the_human_buttocks_appear_6198e796,raw_feature_candidate,categorical string,no,questionStates.options[selected=true],how_frequently_do_the_human_buttocks_appear_6198e796,radio,All Other App Types || Game,Often || Rarely || __INACTIVE__ || __NOT_APPLICABLE__,__INACTIVE__=branch inactive; __NOT_APPLICABLE__=question not used by category; __NONE__=active checkbox with no selection.,How frequently do the human buttocks appear?
answer__how_frequently_do_the_nipple_less_breasts_appear_9f7d8dc0,raw_feature_candidate,categorical string,no,questionStates.options[selected=true],how_frequently_do_the_nipple_less_breasts_appear_9f7d8dc0,radio,All Other App Types || Game,Often || Rarely || __INACTIVE__ || __NOT_APPLICABLE__,__INACTIVE__=branch inactive; __NOT_APPLICABLE__=question not used by category; __NONE__=active checkbox with no selection.,How frequently do the nipple-less breasts appear?
answer__how_frequently_does_discriminatory_language_occur_5fd2d7f7,raw_feature_candidate,categorical string,no,questionStates.options[selected=true],how_frequently_does_discriminatory_language_occur_5fd2d7f7,radio,All Other App Types || Game,Often || Rarely || __INACTIVE__ || __NOT_APPLICABLE__,__INACTIVE__=branch inactive; __NOT_APPLICABLE__=question not used by category; __NONE__=active checkbox with no selection.,How frequently does discriminatory language occur?
answer__how_frequently_does_moderate_swearing_occur_7d1d932d,raw_feature_candidate,categorical string,no,questionStates.options[selected=true],how_frequently_does_moderate_swearing_occur_7d1d932d,radio,All Other App Types || Game,Often || Rarely || __INACTIVE__ || __NOT_APPLICABLE__,__INACTIVE__=branch inactive; __NOT_APPLICABLE__=question not used by category; __NONE__=active checkbox with no selection.,How frequently does moderate swearing occur?
answer__how_frequently_does_the_genitalia_appear_6e9bbba6,raw_feature_candidate,categorical string,no,questionStates.options[selected=true],how_frequently_does_the_genitalia_appear_6e9bbba6,radio,All Other App Types || Game,Often || Rarely || __INACTIVE__ || __NOT_APPLICABLE__,__INACTIVE__=branch inactive; __NOT_APPLICABLE__=question not used by category; __NONE__=active checkbox with no selection.,How frequently does the genitalia appear?
answer__how_frequently_does_this_alcohol_content_occur_861b9e63,raw_feature_candidate,categorical string,no,questionStates.options[selected=true],how_frequently_does_this_alcohol_content_occur_861b9e63,radio,All Other App Types || Game,Often || Rarely || __INACTIVE__ || __NOT_APPLICABLE__,__INACTIVE__=branch inactive; __NOT_APPLICABLE__=question not used by category; __NONE__=active checkbox with no selection.,How frequently does this alcohol content occur?
answer__how_frequently_does_this_tobacco_content_occur_0cdd660c,raw_feature_candidate,categorical string,no,questionStates.options[selected=true],how_frequently_does_this_tobacco_content_occur_0cdd660c,radio,All Other App Types || Game,Often || Rarely || __INACTIVE__ || __NOT_APPLICABLE__,__INACTIVE__=branch inactive; __NOT_APPLICABLE__=question not used by category; __NONE__=active checkbox with no selection.,How frequently does this tobacco content occur?
answer__how_is_the_sexual_violence_in_the_app_presented_a33620b5,raw_feature_candidate,categorical string,no,questionStates.options[selected=true],how_is_the_sexual_violence_in_the_app_presented_a33620b5,radio,All Other App Types,Referred to only || Visually depicted || __INACTIVE__ || __NOT_APPLICABLE__,__INACTIVE__=branch inactive; __NOT_APPLICABLE__=question not used by category; __NONE__=active checkbox with no selection.,How is the sexual violence in the app presented?
answer__how_is_the_sexual_violence_in_the_game_presented_1aa9d746,raw_feature_candidate,categorical string,no,questionStates.options[selected=true],how_is_the_sexual_violence_in_the_game_presented_1aa9d746,radio,Game,Referred to only || Visually depicted || __INACTIVE__ || __NOT_APPLICABLE__,__INACTIVE__=branch inactive; __NOT_APPLICABLE__=question not used by category; __NONE__=active checkbox with no selection.,How is the sexual violence in the game presented?
answer__how_is_this_violence_presented_in_the_app_12995eb2,raw_feature_candidate,categorical string,no,questionStates.options[selected=true],how_is_this_violence_presented_in_the_app_12995eb2,checkbox,All Other App Types,Implied but not seen || Often depicted from a close-up perspective || Often depicted from a distant perspective || Rarely depicted from a close-up perspective || Rarely depicted from a distant perspective || Referred to || __NONE__ || __INACTIVE__ || __NOT_APPLICABLE__,__INACTIVE__=branch inactive; __NOT_APPLICABLE__=question not used by category; __NONE__=active checkbox with no selection.,How is this violence presented in the app?
answer__how_is_this_violence_presented_in_the_app_98219979,raw_feature_candidate,categorical string,no,questionStates.options[selected=true],how_is_this_violence_presented_in_the_app_98219979,checkbox,All Other App Types,Often depicted from a close-up perspective || Often depicted from a distant perspective || Rarely depicted from a close-up perspective || Rarely depicted from a distant perspective || Referred to || __NONE__ || __INACTIVE__ || __NOT_APPLICABLE__,__INACTIVE__=branch inactive; __NOT_APPLICABLE__=question not used by category; __NONE__=active checkbox with no selection.,How is this violence presented in the app?
answer__how_is_this_violence_presented_in_the_game_0a118a0a,raw_feature_candidate,categorical string,no,questionStates.options[selected=true],how_is_this_violence_presented_in_the_game_0a118a0a,checkbox,Game,Often depicted from a close-up perspective || Often depicted from a distant perspective || Rarely depicted from a close-up perspective || Rarely depicted from a distant perspective || Referred to || __NONE__ || __INACTIVE__ || __NOT_APPLICABLE__,__INACTIVE__=branch inactive; __NOT_APPLICABLE__=question not used by category; __NONE__=active checkbox with no selection.,How is this violence presented in the game?
answer__how_is_this_violence_presented_in_the_game_d6f09ae3,raw_feature_candidate,categorical string,no,questionStates.options[selected=true],how_is_this_violence_presented_in_the_game_d6f09ae3,checkbox,Game,Implied but not seen || Often depicted from a close-up perspective || Often depicted from a distant perspective || Rarely depicted from a close-up perspective || Rarely depicted from a distant perspective || Referred to || __NONE__ || __INACTIVE__ || __NOT_APPLICABLE__,__INACTIVE__=branch inactive; __NOT_APPLICABLE__=question not used by category; __NONE__=active checkbox with no selection.,How is this violence presented in the game?
answer__how_often_do_sexual_acts_occur_7a0c9886,raw_feature_candidate,categorical string,no,questionStates.options[selected=true],how_often_do_sexual_acts_occur_7a0c9886,radio,All Other App Types || Game,Often || Rarely || __INACTIVE__ || __NOT_APPLICABLE__,__INACTIVE__=branch inactive; __NOT_APPLICABLE__=question not used by category; __NONE__=active checkbox with no selection.,How often do sexual acts occur?
answer__how_would_you_describe_the_depiction_of_these_scenes_ple_091615b8,raw_feature_candidate,categorical string,no,questionStates.options[selected=true],how_would_you_describe_the_depiction_of_these_scenes_ple_091615b8,checkbox,All Other App Types || Game,"Obscured/Innuendo - Sex act is either entirely off-camera or completely blocked from view || Shown with Full Frontal Nudity || Shown with No Nudity - Characters are depicted in a sexual act but no nudity is shown || Shown with Partial Nudity - Breasts, Buttocks || __NONE__ || __INACTIVE__ || __NOT_APPLICABLE__",__INACTIVE__=branch inactive; __NOT_APPLICABLE__=question not used by category; __NONE__=active checkbox with no selection.,How would you describe the depiction of these scenes? Please check all that apply.
answer__how_would_you_describe_the_reactions_to_violence_f4f3f14a,raw_feature_candidate,categorical string,no,questionStates.options[selected=true],how_would_you_describe_the_reactions_to_violence_f4f3f14a,radio,All Other App Types || Game,Realistic || Unrealistic || __INACTIVE__ || __NOT_APPLICABLE__,__INACTIVE__=branch inactive; __NOT_APPLICABLE__=question not used by category; __NONE__=active checkbox with no selection.,How would you describe the reactions to violence?
answer__how_would_you_describe_the_suggestive_sexual_themes_cont_945c7ef1,raw_feature_candidate,categorical string,no,questionStates.options[selected=true],how_would_you_describe_the_suggestive_sexual_themes_cont_945c7ef1,checkbox,Game,"Overtly sexual situations or visually depicted innuendo || References to sexual activity with descriptive detail || References to sexual activity without descriptive detail || Sexual situations involving those who appear to be under 18 || Suggestive references and innuendo in text, dialogue, or heard || __NONE__ || __INACTIVE__ || __NOT_APPLICABLE__",__INACTIVE__=branch inactive; __NOT_APPLICABLE__=question not used by category; __NONE__=active checkbox with no selection.,How would you describe the suggestive/sexual themes contained in the game? Please check all that apply.
answer__how_would_you_describe_the_suggestive_sexual_themes_cont_e3783b5e,raw_feature_candidate,categorical string,no,questionStates.options[selected=true],how_would_you_describe_the_suggestive_sexual_themes_cont_e3783b5e,checkbox,All Other App Types,"Overtly sexual situations or visually depicted innuendo || References to sexual activity with descriptive detail || References to sexual activity without descriptive detail || Sexual situations involving those who appear to be under 18 || Suggestive references and innuendo in text, dialogue, or heard || __NONE__ || __INACTIVE__ || __NOT_APPLICABLE__",__INACTIVE__=branch inactive; __NOT_APPLICABLE__=question not used by category; __NONE__=active checkbox with no selection.,How would you describe the suggestive/sexual themes contained in the app? Please check all that apply.
answer__illegal_or_recreational_drugs_ba0c1239,raw_feature_candidate,categorical string,no,questionStates.options[selected=true],illegal_or_recreational_drugs_ba0c1239,checkbox,All Other App Types || Game,Detailed Instruction for Use || Encourages/Glamorizes || Reference || Use || __NONE__ || __INACTIVE__ || __NOT_APPLICABLE__,__INACTIVE__=branch inactive; __NOT_APPLICABLE__=question not used by category; __NONE__=active checkbox with no selection.,Illegal or Recreational Drugs
answer__in_what_kind_of_setting_context_storyline_does_the_viole_a606b09d,raw_feature_candidate,categorical string,no,questionStates.options[selected=true],in_what_kind_of_setting_context_storyline_does_the_viole_a606b09d,radio,All Other App Types || Game,Fantastical || Realistic || __INACTIVE__ || __NOT_APPLICABLE__,__INACTIVE__=branch inactive; __NOT_APPLICABLE__=question not used by category; __NONE__=active checkbox with no selection.,"In what kind of setting (context, storyline) does the violence occur?"
answer__is_a_significant_portion_of_the_app_used_to_connect_peop_b57e2e9d,raw_feature_candidate,categorical string,no,questionStates.options[selected=true],is_a_significant_portion_of_the_app_used_to_connect_peop_b57e2e9d,radio,Social or Communication,No || Yes || __INACTIVE__ || __NOT_APPLICABLE__,__INACTIVE__=branch inactive; __NOT_APPLICABLE__=question not used by category; __NONE__=active checkbox with no selection.,Is a significant portion of the app used to connect people for the purposes of dating or sexual relationships or endeavors?
answer__is_accessing_this_material_the_primary_purpose_of_the_ap_1bd1703c,raw_feature_candidate,categorical string,no,questionStates.options[selected=true],is_accessing_this_material_the_primary_purpose_of_the_ap_1bd1703c,radio,All Other App Types,No || Yes || __INACTIVE__ || __NOT_APPLICABLE__,__INACTIVE__=branch inactive; __NOT_APPLICABLE__=question not used by category; __NONE__=active checkbox with no selection.,Is accessing this material the primary purpose of the app?
answer__is_any_of_this_content_in_an_erotic_provocative_setting__11eb2959,raw_feature_candidate,categorical string,no,questionStates.options[selected=true],is_any_of_this_content_in_an_erotic_provocative_setting__11eb2959,radio,All Other App Types || Game,No || Yes || __INACTIVE__ || __NOT_APPLICABLE__,__INACTIVE__=branch inactive; __NOT_APPLICABLE__=question not used by category; __NONE__=active checkbox with no selection.,"Is any of this content in an erotic, provocative setting or context?"
answer__is_any_of_this_violence_against_real_world_animals_6fc80a86,raw_feature_candidate,categorical string,no,questionStates.options[selected=true],is_any_of_this_violence_against_real_world_animals_6fc80a86,radio,All Other App Types || Game,No || Yes || __INACTIVE__ || __NOT_APPLICABLE__,__INACTIVE__=branch inactive; __NOT_APPLICABLE__=question not used by category; __NONE__=active checkbox with no selection.,Is any of this violence against real-world animals?
answer__is_shared_user_generated_content_the_primary_source_of_c_ccfc5be7,raw_feature_candidate,categorical string,no,questionStates.options[selected=true],is_shared_user_generated_content_the_primary_source_of_c_ccfc5be7,radio,All Other App Types,No || Yes || __INACTIVE__ || __NOT_APPLICABLE__,__INACTIVE__=branch inactive; __NOT_APPLICABLE__=question not used by category; __NONE__=active checkbox with no selection.,"Is shared, user-generated content the primary source of content in the app?"
answer__is_the_app_a_web_browser_or_search_engine_15f398d7,raw_feature_candidate,categorical string,no,questionStates.options[selected=true],is_the_app_a_web_browser_or_search_engine_15f398d7,radio,All Other App Types,No || Yes || __INACTIVE__ || __NOT_APPLICABLE__,__INACTIVE__=branch inactive; __NOT_APPLICABLE__=question not used by category; __NONE__=active checkbox with no selection.,Is the app a web browser or search engine?
answer__is_the_app_primarily_a_news_or_educational_product_44733801,raw_feature_candidate,categorical string,no,questionStates.options[selected=true],is_the_app_primarily_a_news_or_educational_product_44733801,radio,All Other App Types,No || Yes || __INACTIVE__ || __NOT_APPLICABLE__,__INACTIVE__=branch inactive; __NOT_APPLICABLE__=question not used by category; __NONE__=active checkbox with no selection.,Is the app primarily a news or educational product?
answer__is_the_issuance_of_these_digital_assets_a_significant_or_60d212c2,raw_feature_candidate,categorical string,no,questionStates.options[selected=true],is_the_issuance_of_these_digital_assets_a_significant_or_60d212c2,radio,All Other App Types || Game,No || Yes || __INACTIVE__ || __NOT_APPLICABLE__,__INACTIVE__=branch inactive; __NOT_APPLICABLE__=question not used by category; __NONE__=active checkbox with no selection.,Is the issuance of these digital assets a significant or promoted aspect of the product?
answer__is_the_use_of_illegal_or_recreational_drugs_interactive_0bbcd975,raw_feature_candidate,categorical string,no,questionStates.options[selected=true],is_the_use_of_illegal_or_recreational_drugs_interactive_0bbcd975,radio,All Other App Types || Game,No || Yes || __INACTIVE__ || __NOT_APPLICABLE__,__INACTIVE__=branch inactive; __NOT_APPLICABLE__=question not used by category; __NONE__=active checkbox with no selection.,Is the use of illegal or recreational drugs interactive?
answer__is_the_use_of_illegal_or_recreational_drugs_related_to_i_368c1654,raw_feature_candidate,categorical string,no,questionStates.options[selected=true],is_the_use_of_illegal_or_recreational_drugs_related_to_i_368c1654,radio,All Other App Types || Game,No || Yes || __INACTIVE__ || __NOT_APPLICABLE__,__INACTIVE__=branch inactive; __NOT_APPLICABLE__=question not used by category; __NONE__=active checkbox with no selection.,Is the use of illegal or recreational drugs related to incentives or rewards?
answer__is_there_an_intense_and_unrelenting_sense_of_imminent_th_91f93ed6,raw_feature_candidate,categorical string,no,questionStates.options[selected=true],is_there_an_intense_and_unrelenting_sense_of_imminent_th_91f93ed6,radio,All Other App Types || Game,No || Yes || __INACTIVE__ || __NOT_APPLICABLE__,__INACTIVE__=branch inactive; __NOT_APPLICABLE__=question not used by category; __NONE__=active checkbox with no selection.,Is there an intense and unrelenting sense of imminent threat?
answer__is_this_content_the_focus_of_the_app_01edd6fa,raw_feature_candidate,categorical string,no,questionStates.options[selected=true],is_this_content_the_focus_of_the_app_01edd6fa,radio,All Other App Types,No || Yes || __INACTIVE__ || __NOT_APPLICABLE__,__INACTIVE__=branch inactive; __NOT_APPLICABLE__=question not used by category; __NONE__=active checkbox with no selection.,Is this content the focus of the app?
answer__is_this_the_primary_focus_of_the_app_abad8299,raw_feature_candidate,categorical string,no,questionStates.options[selected=true],is_this_the_primary_focus_of_the_app_abad8299,radio,All Other App Types || Social or Communication,No || Yes || __INACTIVE__ || __NOT_APPLICABLE__,__INACTIVE__=branch inactive; __NOT_APPLICABLE__=question not used by category; __NONE__=active checkbox with no selection.,Is this the primary focus of the app?
answer__medical_drugs_32c6cc3e,raw_feature_candidate,categorical string,no,questionStates.options[selected=true],medical_drugs_32c6cc3e,checkbox,All Other App Types || Game,Encourages/Glamorizes || Reference || Use || __NONE__ || __INACTIVE__ || __NOT_APPLICABLE__,__INACTIVE__=branch inactive; __NOT_APPLICABLE__=question not used by category; __NONE__=active checkbox with no selection.,Medical Drugs
answer__please_select_all_that_the_app_includes_18adc531,raw_feature_candidate,categorical string,no,questionStates.options[selected=true],please_select_all_that_the_app_includes_18adc531,checkbox,All Other App Types,"Discriminatory language (against race, religion, sex, etc...) || Minor profanities (e.g., ""go to hell"") || Moderate swearing or other language or gestures that could be considered moderately or significantly offensive || Sexual expletives || __NONE__ || __INACTIVE__ || __NOT_APPLICABLE__",__INACTIVE__=branch inactive; __NOT_APPLICABLE__=question not used by category; __NONE__=active checkbox with no selection.,Please select all that the app includes:
answer__please_select_all_that_the_app_includes_24d1114b,raw_feature_candidate,categorical string,no,questionStates.options[selected=true],please_select_all_that_the_app_includes_24d1114b,checkbox,All Other App Types,Nudity || Revealing Outfits || __NONE__ || __INACTIVE__ || __NOT_APPLICABLE__,__INACTIVE__=branch inactive; __NOT_APPLICABLE__=question not used by category; __NONE__=active checkbox with no selection.,Please select all that the app includes:
answer__please_select_all_that_the_app_includes_4715352d,raw_feature_candidate,categorical string,no,questionStates.options[selected=true],please_select_all_that_the_app_includes_4715352d,checkbox,All Other App Types,"Cash Convertible Rewards - Cash rewards, real-world items of significant monetary value, convertible cryptocurrency rewards or other play-to-earn mechanics || Issuance (e.g., minting) of transferable digital assets (e.g., NFTs) || __NONE__ || __INACTIVE__ || __NOT_APPLICABLE__",__INACTIVE__=branch inactive; __NOT_APPLICABLE__=question not used by category; __NONE__=active checkbox with no selection.,Please select all that the app includes:
answer__please_select_all_that_the_app_includes_4cf49f6e,raw_feature_candidate,categorical string,no,questionStates.options[selected=true],please_select_all_that_the_app_includes_4cf49f6e,checkbox,All Other App Types,Horrifying elements || Scary elements || __NONE__ || __INACTIVE__ || __NOT_APPLICABLE__,__INACTIVE__=branch inactive; __NOT_APPLICABLE__=question not used by category; __NONE__=active checkbox with no selection.,Please select all that the app includes:
answer__please_select_all_that_the_app_includes_6686a0fa,raw_feature_candidate,categorical string,no,questionStates.options[selected=true],please_select_all_that_the_app_includes_6686a0fa,checkbox,All Other App Types,Alcohol || Fantasy Drugs || Illegal or Recreational Drugs || Medical Drugs || Tobacco || __NONE__ || __INACTIVE__ || __NOT_APPLICABLE__,__INACTIVE__=branch inactive; __NOT_APPLICABLE__=question not used by category; __NONE__=active checkbox with no selection.,Please select all that the app includes:
answer__please_select_all_that_the_app_includes_8940577b,raw_feature_candidate,categorical string,no,questionStates.options[selected=true],please_select_all_that_the_app_includes_8940577b,checkbox,All Other App Types,"Blood that isn't directly related to a violent act (e.g., blood on clothing, blood in the background, blood resulting from performing surgery) || Disturbing or gory images without a violent act shown. || Violence against anything other than humans (e.g., animals, fantasy creatures, robots, vehicles) || Violence or implied violence against humans || __NONE__ || __INACTIVE__ || __NOT_APPLICABLE__",__INACTIVE__=branch inactive; __NOT_APPLICABLE__=question not used by category; __NONE__=active checkbox with no selection.,Please select all that the app includes:
answer__please_select_all_that_the_app_includes_8aa332fd,raw_feature_candidate,categorical string,no,questionStates.options[selected=true],please_select_all_that_the_app_includes_8aa332fd,checkbox,All Other App Types,"Female Fantasy Creatures' Breasts, e.g., harpies || Female Human Breasts with Nipples || Genitalia || Human Buttocks || Nipple-less Breasts or Breasts with Minimal Coverage, e.g., pasties, long hair || __NONE__ || __INACTIVE__ || __NOT_APPLICABLE__",__INACTIVE__=branch inactive; __NOT_APPLICABLE__=question not used by category; __NONE__=active checkbox with no selection.,Please select all that the app includes:
answer__please_select_all_that_the_app_includes_b82bc521,raw_feature_candidate,categorical string,no,questionStates.options[selected=true],please_select_all_that_the_app_includes_b82bc521,checkbox,All Other App Types,"Any other games that use in-app currency/tokens to play and can reward the same currency through gameplay. || Gambling themes || Playable bingo games || Playable casino games, lotteries, or racetrack betting || __NONE__ || __INACTIVE__ || __NOT_APPLICABLE__",__INACTIVE__=branch inactive; __NOT_APPLICABLE__=question not used by category; __NONE__=active checkbox with no selection.,Please select all that the app includes:
answer__please_select_all_that_the_app_includes_be745a55,raw_feature_candidate,categorical string,no,questionStates.options[selected=true],please_select_all_that_the_app_includes_be745a55,checkbox,All Other App Types,Depictions of or References to Sexual Violence || Nudity or Revealing Outfits || Sexual Activity - Includes both moving and still images of sexual activity || Suggestive/Sexual Themes or References || __NONE__ || __INACTIVE__ || __NOT_APPLICABLE__,__INACTIVE__=branch inactive; __NOT_APPLICABLE__=question not used by category; __NONE__=active checkbox with no selection.,Please select all that the app includes:
answer__please_select_all_that_the_game_includes_44d3634e,raw_feature_candidate,categorical string,no,questionStates.options[selected=true],please_select_all_that_the_game_includes_44d3634e,checkbox,Game,"Female Fantasy Creatures' Breasts, e.g., harpies || Female Human Breasts with Nipples || Genitalia || Human Buttocks || Nipple-less Breasts or Breasts with Minimal Coverage, e.g., pasties, long hair || __NONE__ || __INACTIVE__ || __NOT_APPLICABLE__",__INACTIVE__=branch inactive; __NOT_APPLICABLE__=question not used by category; __NONE__=active checkbox with no selection.,Please select all that the game includes:
answer__please_select_all_that_the_game_includes_4e162967,raw_feature_candidate,categorical string,no,questionStates.options[selected=true],please_select_all_that_the_game_includes_4e162967,checkbox,Game,"Cash Convertible Rewards - Cash rewards, real-world items of significant monetary value, convertible cryptocurrency rewards or other play-to-earn mechanics || Issuance (e.g., minting) of transferable digital assets (e.g., NFTs) || Purchases of digital goods || __NONE__ || __INACTIVE__ || __NOT_APPLICABLE__",__INACTIVE__=branch inactive; __NOT_APPLICABLE__=question not used by category; __NONE__=active checkbox with no selection.,Please select all that the game includes:
answer__please_select_all_that_the_game_includes_500aa428,raw_feature_candidate,categorical string,no,questionStates.options[selected=true],please_select_all_that_the_game_includes_500aa428,checkbox,Game,"Discriminatory language (against race, religion, sex, etc...) || Minor profanities (e.g., ""go to hell"") || Moderate swearing or other language or gestures that could be considered moderately or significantly offensive || Sexual expletives || __NONE__ || __INACTIVE__ || __NOT_APPLICABLE__",__INACTIVE__=branch inactive; __NOT_APPLICABLE__=question not used by category; __NONE__=active checkbox with no selection.,Please select all that the game includes:
answer__please_select_all_that_the_game_includes_768feb67,raw_feature_candidate,categorical string,no,questionStates.options[selected=true],please_select_all_that_the_game_includes_768feb67,checkbox,Game,"Dating Games - Interactive dating, marriage, or other romantic relationships between game characters || Depictions of or References to Sexual Violence || Nudity or Revealing Outfits || Sexual Activity - Includes both moving and still images of sexual activity || Suggestive/Sexual Themes or References || __NONE__ || __INACTIVE__ || __NOT_APPLICABLE__",__INACTIVE__=branch inactive; __NOT_APPLICABLE__=question not used by category; __NONE__=active checkbox with no selection.,Please select all that the game includes:
answer__please_select_all_that_the_game_includes_a0533f3c,raw_feature_candidate,categorical string,no,questionStates.options[selected=true],please_select_all_that_the_game_includes_a0533f3c,checkbox,Game,"Blood that isn't directly related to a violent act (e.g., blood on clothing, blood in the background, blood resulting from performing surgery) || Disturbing or gory images without a violent act shown. || Violence against anything other than humans (e.g., animals, fantasy creatures, robots, vehicles) || Violence or implied violence against humans || __NONE__ || __INACTIVE__ || __NOT_APPLICABLE__",__INACTIVE__=branch inactive; __NOT_APPLICABLE__=question not used by category; __NONE__=active checkbox with no selection.,Please select all that the game includes:
answer__please_select_all_that_the_game_includes_a17b785f,raw_feature_candidate,categorical string,no,questionStates.options[selected=true],please_select_all_that_the_game_includes_a17b785f,checkbox,Game,"Any other games that use in-game currency/tokens to play and can reward the same currency through gameplay. || Gambling themes || Playable bingo games || Playable casino games, lotteries, or racetrack betting || __NONE__ || __INACTIVE__ || __NOT_APPLICABLE__",__INACTIVE__=branch inactive; __NOT_APPLICABLE__=question not used by category; __NONE__=active checkbox with no selection.,Please select all that the game includes:
answer__please_select_all_that_the_game_includes_a522854d,raw_feature_candidate,categorical string,no,questionStates.options[selected=true],please_select_all_that_the_game_includes_a522854d,checkbox,Game,Horrifying elements || Scary elements || __NONE__ || __INACTIVE__ || __NOT_APPLICABLE__,__INACTIVE__=branch inactive; __NOT_APPLICABLE__=question not used by category; __NONE__=active checkbox with no selection.,Please select all that the game includes:
answer__please_select_all_that_the_game_includes_ba1c8db3,raw_feature_candidate,categorical string,no,questionStates.options[selected=true],please_select_all_that_the_game_includes_ba1c8db3,checkbox,Game,Alcohol || Fantasy Drugs || Illegal or Recreational Drugs || Medical Drugs || Tobacco || __NONE__ || __INACTIVE__ || __NOT_APPLICABLE__,__INACTIVE__=branch inactive; __NOT_APPLICABLE__=question not used by category; __NONE__=active checkbox with no selection.,Please select all that the game includes:
answer__please_select_all_that_the_game_includes_c2929670,raw_feature_candidate,categorical string,no,questionStates.options[selected=true],please_select_all_that_the_game_includes_c2929670,checkbox,Game,Nudity || Revealing Outfits || __NONE__ || __INACTIVE__ || __NOT_APPLICABLE__,__INACTIVE__=branch inactive; __NOT_APPLICABLE__=question not used by category; __NONE__=active checkbox with no selection.,Please select all that the game includes:
answer__tobacco_5dc1a9a7,raw_feature_candidate,categorical string,no,questionStates.options[selected=true],tobacco_5dc1a9a7,checkbox,All Other App Types || Game,Encourages/Glamorizes || Reference || Use || __NONE__ || __INACTIVE__ || __NOT_APPLICABLE__,__INACTIVE__=branch inactive; __NOT_APPLICABLE__=question not used by category; __NONE__=active checkbox with no selection.,Tobacco
answer__what_best_describes_this_type_of_blood_in_the_app_270691dd,raw_feature_candidate,categorical string,no,questionStates.options[selected=true],what_best_describes_this_type_of_blood_in_the_app_270691dd,radio,All Other App Types,Large or frequent || Small and infrequent || __INACTIVE__ || __NOT_APPLICABLE__,__INACTIVE__=branch inactive; __NOT_APPLICABLE__=question not used by category; __NONE__=active checkbox with no selection.,What best describes this type of blood in the app:
answer__what_best_describes_this_type_of_blood_in_the_game_7ee8e188,raw_feature_candidate,categorical string,no,questionStates.options[selected=true],what_best_describes_this_type_of_blood_in_the_game_7ee8e188,radio,Game,Large or frequent || Small and infrequent || __INACTIVE__ || __NOT_APPLICABLE__,__INACTIVE__=branch inactive; __NOT_APPLICABLE__=question not used by category; __NONE__=active checkbox with no selection.,What best describes this type of blood in the game:
answer__what_bodily_functions_are_used_for_humorous_purposes_in__93ae31fe,raw_feature_candidate,categorical string,no,questionStates.options[selected=true],what_bodily_functions_are_used_for_humorous_purposes_in__93ae31fe,checkbox,All Other App Types,"Act of human defecation visually depicted || Flatulence (with depiction of ""flatulence cloud""), whimsical depictions of feces (""poo coils""), vomiting || Mucus, belching, flatulence sounds || Urination, urine, realistically depicted feces || __NONE__ || __INACTIVE__ || __NOT_APPLICABLE__",__INACTIVE__=branch inactive; __NOT_APPLICABLE__=question not used by category; __NONE__=active checkbox with no selection.,What bodily functions are used for humorous purposes in the app? Please check all that apply.
answer__what_bodily_functions_are_used_for_humorous_purposes_in__dac843c1,raw_feature_candidate,categorical string,no,questionStates.options[selected=true],what_bodily_functions_are_used_for_humorous_purposes_in__dac843c1,checkbox,Game,"Act of human defecation visually depicted || Flatulence (with depiction of ""flatulence cloud""), whimsical depictions of feces (""poo coils""), vomiting || Mucus, belching, flatulence sounds || Urination, urine, realistically depicted feces || __NONE__ || __INACTIVE__ || __NOT_APPLICABLE__",__INACTIVE__=branch inactive; __NOT_APPLICABLE__=question not used by category; __NONE__=active checkbox with no selection.,What bodily functions are used for humorous purposes in the game? Please check all that apply.
answer__what_is_the_duration_of_these_scenes_ebc5ddb7,raw_feature_candidate,categorical string,no,questionStates.options[selected=true],what_is_the_duration_of_these_scenes_ebc5ddb7,radio,All Other App Types || Game,Brief || Prolonged || __INACTIVE__ || __NOT_APPLICABLE__,__INACTIVE__=branch inactive; __NOT_APPLICABLE__=question not used by category; __NONE__=active checkbox with no selection.,What is the duration of these scenes?
answer__what_is_the_level_of_blood_and_or_gore_associated_with_t_11d6d7cc,raw_feature_candidate,categorical string,no,questionStates.options[selected=true],what_is_the_level_of_blood_and_or_gore_associated_with_t_11d6d7cc,radio,All Other App Types || Game,High || Mild/Limited || Moderate || None || __INACTIVE__ || __NOT_APPLICABLE__,__INACTIVE__=branch inactive; __NOT_APPLICABLE__=question not used by category; __NONE__=active checkbox with no selection.,What is the level of blood and/or gore associated with this violence?
answer__which_of_the_following_would_best_describe_the_app_6d1d2d7d,raw_feature_candidate,categorical string,no,questionStates.options[selected=true],which_of_the_following_would_best_describe_the_app_6d1d2d7d,radio,Social or Communication,"Communication - used to communicate with people already known to the user in one-on-one or small group conversations. Skype, SMS, and Gmail are examples of these types of products. || Social - used to communicate, post, and share content with large groups of people or for meeting new people. Facebook, Twitter, Instagram, Tinder are examples of these types of products. || __INACTIVE__ || __NOT_APPLICABLE__",__INACTIVE__=branch inactive; __NOT_APPLICABLE__=question not used by category; __NONE__=active checkbox with no selection.,Which of the following would best describe the app?
rating__australia,raw_target_candidate,categorical string,no,ratings[territory=Australia].label,,,Game,General || Mature || Parental Guidance || Refused Classification || Restricted to 15+ || Restricted to 18+ || __NOT_APPLICABLE__,__NOT_APPLICABLE__=territory is not returned for non-Game categories.,Raw age rating label for Australia; label encoding belongs to task 4.
rating__brazil,raw_target_candidate,categorical string,no,ratings[territory=Brazil].label,,,All Other App Types || Game || Social or Communication,All ages || Rated 10+ || Rated 12+ || Rated 14+ || Rated 16+ || Rated 18+,,Raw age rating label for Brazil; label encoding belongs to task 4.
rating__europe,raw_target_candidate,categorical string,no,ratings[territory=Europe].label,,,All Other App Types || Game || Social or Communication,PEGI 12 || PEGI 16 || PEGI 18 || PEGI 3 || PEGI 7 || Parental guidance,,Raw age rating label for Europe; label encoding belongs to task 4.
rating__germany,raw_target_candidate,categorical string,no,ratings[territory=Germany].label,,,All Other App Types || Game || Social or Communication,USK: Ages 12+ || USK: Ages 16+ || USK: Ages 18+ || USK: Ages 6+ || USK: All ages,,Raw age rating label for Germany; label encoding belongs to task 4.
rating__north_america,raw_target_candidate,categorical string,no,ratings[territory=North America].label,,,All Other App Types || Game || Social or Communication,Adults only 18+ || Everyone || Everyone 10+ || Mature 17+ || Teen,,Raw age rating label for North America; label encoding belongs to task 4.
rating__rest_of_world,raw_target_candidate,categorical string,no,ratings[territory=Rest of world].label,,,All Other App Types || Game || Social or Communication,Rated for 12+ || Rated for 16+ || Rated for 18+ || Rated for 3+ || Rated for 7+,,Raw age rating label for Rest of world; label encoding belongs to task 4.
rating__russia,raw_target_candidate,categorical string,no,ratings[territory=Russia].label,,,All Other App Types || Game || Social or Communication,Rated for 12+ || Rated for 16+ || Rated for 18+ || Rated for 3+ || Rated for 7+,,Raw age rating label for Russia; label encoding belongs to task 4.
rating__saudi_arabia,raw_target_candidate,categorical string,no,ratings[territory=Saudi Arabia].label,,,Game,12 || 16 || 18 || 3 || 7 || Refused Classification || __NOT_APPLICABLE__,__NOT_APPLICABLE__=territory is not returned for non-Game categories.,Raw age rating label for Saudi Arabia; label encoding belongs to task 4.
rating__south_korea,raw_target_candidate,categorical string,no,ratings[territory=South Korea].label,,,All Other App Types || Game || Social or Communication,12+ || 15+ || All ages || Rated for 12+ || Rated for 16+ || Rated for 19+ || Rated for 3+ || Rated for 7+ || Refused Classification,,Raw age rating label for South Korea; label encoding belongs to task 4.
rating__taiwan,raw_target_candidate,categorical string,no,ratings[territory=Taiwan].label,,,Game,General Public || Parental Guidance 12 || Parental Guidance 15 || Protected || Refused Classification || Restricted || __NOT_APPLICABLE__,__NOT_APPLICABLE__=territory is not returned for non-Game categories.,Raw age rating label for Taiwan; label encoding belongs to task 4.
